time,x,p,v,w
0.0,5.5,0.0,2.418246366829129,0.0
0.1001001001001001,5.513770977969036,0.2739007916486652,2.4573902810896224,0.7728916697075761
0.2002002002002002,5.554336712635466,0.5328691331864424,2.5692118511877244,1.4323757823303027
0.3003003003003003,5.619459022842394,0.762130782067459,2.7361678779245087,1.8520992418748587
0.4004004004004004,5.705471444966583,0.9482486790716919,2.9274133524962616,1.8950277374034714
0.5005005005005005,5.8075409820636255,1.081972727922742,3.09894982292366,1.4428329563816078
0.6006006006006006,5.9202936825420736,1.1625127735187,3.1981443801657736,0.4520910338033559
0.7007007007007008,6.038878075213639,1.201630316351335,3.1743392305380236,-0.9863464591323461
0.8008008008008008,6.160318961857441,1.2248766335785874,2.993763058894099,-2.628444054925677
0.9009009009009009,6.2847516247790445,1.267738015361729,2.652803509154986,-4.130632916319027
1.001001001001001,6.416005023969911,1.3667341643574025,2.1827879674578576,-5.157782599519964
1.1011011011011012,6.561142298826764,1.5480393537115313,1.6438728420278599,-5.48080297818842
1.2012012012012012,6.728869212238846,1.8166314487709192,1.112133161272597,-5.010492302794075
1.3013013013013013,6.926940141978078,2.1471157061338593,0.6663142345533446,-3.77811777713314
1.4014014014014016,7.158716720404418,2.4759868257449575,0.37651642547207276,-1.9292889514137448
1.5015015015015016,7.419100248251658,2.6977976430467963,0.2900138568105538,0.20720798755312464
1.6016016016016017,7.6906719488664645,2.67571109964324,0.40719757375689747,2.010443675205152
1.7017017017017018,7.942341413803826,2.283861472788616,0.652974943309519,2.637619819315884
1.8018018018018018,8.134144224546626,1.4853646168107693,0.8768900957852295,1.554683469187355
1.9019019019019021,8.22999877341789,0.4007552287175302,0.9234687706037732,-0.7092321190499947
2.002002002002002,8.213299691579273,-0.7160793002141996,0.7474898212943979,-2.6039048496146986
2.1021021021021022,8.094223025451912,-1.61053146615445,0.4607165931737436,-2.793330975725721
2.2022022022022023,7.902613972638592,-2.158519538884173,0.2483380892127719,-1.2188926072770163
2.3023023023023024,7.67280543099806,-2.3879956078713307,0.24360144693185495,1.1605385299620101
2.4024024024024024,7.431503664785913,-2.4085750209522194,0.4713247083196445,3.2762340426310477
2.5025025025025025,7.193789711636336,-2.332348324019213,0.8689236577355364,4.492206862958359
2.6026026026026026,6.9653140280544,-2.2321617936275246,1.3352127982357125,4.657069741055117
2.702702702702703,6.746746395237363,-2.1358133640655486,1.7723781122130284,3.9620276654368953
2.802802802802803,6.53771736772076,-2.0392165435760035,2.1121025962707582,2.7791836534228547
2.902902902902903,6.339098230746632,-1.9246072980023676,2.326095032492985,1.5129905237977173
3.0030030030030033,6.153574393356206,-1.7754521541067112,2.42299490949256,0.4810961875133553
3.1031031031031033,5.985063870663072,-1.5843525632456872,2.4360762571275467,-0.14608980233517618
3.2032032032032034,5.837698463939023,-1.3541887250526634,2.4083548737374603,-0.3385755046795653
3.3033033033033035,5.714919255719717,-1.095241337335891,2.3807653229888173,-0.15851086727534228
3.4034034034034035,5.618929276062878,-0.8213771731068488,2.3856563608194885,0.2922192567055018
3.5035035035035036,5.550488530804855,-0.5472136063982691,2.44466866578157,0.904974676774106
3.6036036036036037,5.508919221617651,-0.28673456147923787,2.568712200979323,1.5739902401957857
3.7037037037037037,5.492194308275312,-0.05288565389320341,2.75805775928371,2.19094409375512
3.8038038038038042,5.4970517835841095,0.1426774884127472,3.0016506722180853,2.637046209996672
3.9039039039039043,5.519159572156673,0.2904558456790352,3.2760490477506017,2.7854578301118167
4.004004004004004,5.553417165491511,0.3849936194745548,3.5455513948899986,2.5236956179491457
4.104104104104104,5.594489924849627,0.427529149085625,3.765630330936794,1.79603339635099
4.2042042042042045,5.637605129057378,0.4283319012500125,3.8909830082174444,0.6489694659487965
4.3043043043043046,5.679500369117643,0.4071484699031347,3.886994373473858,-0.7516561719280216
4.404404404404405,5.719270545297486,0.3906484824371433,3.7403441235568224,-2.1569287239691435
4.504504504504505,5.758818214271522,0.4072723226006658,3.463479919014004,-3.3162682166564403
4.604604604604605,5.802736343211796,0.4814482225062924,3.0904216849764254,-4.060432814003968
4.704704704704705,5.85767807580066,0.6294329149153679,2.666183852547969,-4.340549100789604
4.804804804804805,5.931440404119733,0.8577675889622721,2.2351605241009116,-4.211363669619456
4.904904904904905,6.031999305220665,1.1636149792023793,1.833069597071758,-3.7825924094338412
5.005005005005005,6.166603320837495,1.535292340017219,1.4839376761356031,-3.1717138043800603
5.105105105105105,6.340863870919692,1.9514808690413552,1.2008246563867062,-2.478212495796751
5.205205205205205,6.557670395304121,2.3785213232097364,0.9878851646377949,-1.7819420149472147
5.305305305305305,6.8157659223438865,2.7666132450770777,0.841701112875849,-1.1573527703590902
5.405405405405406,7.107992304323706,3.047659680113182,0.7509993926008333,-0.6883852356874804
5.505505505505506,7.419599245335394,3.1396566325598503,0.6957669624734403,-0.4612926775809155
5.605605605605606,7.72755547625344,2.9630545321684263,0.6491873565158943,-0.5131726983527475
5.705705705705706,8.002163581550066,2.469728076053901,0.5866711765982107,-0.7496421603814237
5.805805805805806,8.211807097071695,1.6736614993807837,0.50128449142098,-0.9196273631285579
5.9059059059059065,8.329996636213313,0.6626509386682923,0.41413169593466925,-0.7506522596695008
6.0060060060060065,8.341987146148098,-0.4224559662339727,0.36466978916748183,-0.18333019377543566
6.106106106106107,8.248017482870289,-1.4308419462480986,0.38297813069196057,0.5467193604489179
6.206206206206207,8.062171341441232,-2.2420599899042455,0.4681997638306186,1.1058860929331544
6.306306306306307,7.808088622698815,-2.7874424695100717,0.5928930252132373,1.3298555257673361
6.406406406406407,7.513527287409752,-3.0525200129290235,0.7257104423587667,1.2962136557927524
6.506506506506507,7.20537720705925,-3.066628481234042,0.8503461065607244,1.1997017721790308
6.606606606606607,6.9061035605512755,-2.8857261540897534,0.9693844430099051,1.2045620522048233
6.706706706706707,6.631996454095108,-2.5745046387068125,1.097434047450201,1.3847004918883985
6.806806806806807,6.393018623970543,-2.193008288143841,1.2524383764800937,1.7384576168510717
6.906906906906907,6.193662781995035,-1.7898914121983216,1.4498537629071016,2.222891091656792
7.007007007007007,6.034187572367788,-1.4012326671435544,1.6997335327544396,2.774909036347565
7.107107107107107,5.911798760744754,-1.0523719550731454,2.0050278531153696,3.315377461407982
7.207207207207207,5.821596804060403,-0.7604118033050123,2.359826994697355,3.745946363351373
7.307307307307307,5.75730746844403,-0.5358786261766048,2.74745076449307,3.951197100884151
7.407407407407407,5.711916205985758,-0.3829603263589959,3.1394771969098296,3.816598339179865
7.507507507507508,5.678341932026546,-0.2985960862929012,3.4975395913230933,3.2653959859575243
7.6076076076076085,5.650218645680603,-0.2714551951536254,3.7793784708011646,2.3035107087212237
7.7077077077077085,5.622725219906162,-0.2822277146755227,3.9487518161432518,1.0467018393530862
7.807807807807809,5.593274397532218,-0.30622650351472974,3.9860190213444713,-0.2962397150296868
7.907907907907909,5.561830800948219,-0.31802183065637984,3.8945869887174323,-1.4868317119880718
8.008008008008009,5.530728096944865,-0.29646722944446147,3.699869205545311,-2.335932463408655
8.108108108108109,5.504048871212068,-0.22812696493351084,3.441383703454247,-2.7555809809981593
8.208208208208209,5.4867901469852995,-0.10808697884892264,3.1620577788770454,-2.7623571937199407
8.308308308308309,5.484065752179463,0.06142024155753177,2.8992335963273574,-2.444149600039113
8.408408408408409,5.500503332395735,0.27329854664962483,2.6796637472969134,-1.918329968221289
8.508508508508509,5.539863498251698,0.5175907746179736,2.518163269468414,-1.3028402779974562
8.608608608608609,5.604819351192285,0.7826489300148486,2.418197340326514,-0.7062450211598876
8.70870870870871,5.696814067131626,1.05558856096772,2.372723397549701,-0.2310373508182237
8.80880880880881,5.815950573629072,1.3225933896408895,2.364485606207929,0.0207184060073906
8.90890890890891,5.960935276203376,1.5698133414886377,2.366127714805555,-0.04868675595204921
9.00900900900901,6.129167459572015,1.7854366423845913,2.3415989693462236,-0.5095564521788878
9.10910910910911,6.317095846751469,1.962855570057236,2.250934952959163,-1.3613090356596544
9.20920920920921,6.520898919605646,2.1036347240609965,2.0598841056592416,-2.4831498336716504
9.30930930930931,6.737347750102908,2.217677057132598,1.753506667080687,-3.610032960709857
9.40940940940941,6.964418599737569,2.317633394028793,1.3495144459838126,-4.365933976618097
9.50950950950951,7.200990774527308,2.4062580770979576,0.9048847825049532,-4.363982724856835
9.60960960960961,7.445008716997226,2.4591834894173394,0.5097203754846259,-3.357425762053278
9.70970970970971,7.689989433549435,2.4108902108122936,0.26435281104081015,-1.419801040272768
9.80980980980981,7.920846476925437,2.157929289732485,0.2385159347878269,0.8911964173735308
9.90990990990991,8.111638833092444,1.5967119903671392,0.42126177845598345,2.556444625309964
10.01001001001001,8.229098046058096,0.6987319935293999,0.6948210478183976,2.5912360988944765
10.11011011011011,8.244015592404542,-0.41945677490861605,0.8817984163098871,0.929324843330106
10.21021021021021,8.145979677865176,-1.511716875241769,0.8635233835384445,-1.240395870593487
10.31031031031031,7.950807703674134,-2.325809616217086,0.6680495318699067,-2.409618734637383
10.41041041041041,7.694045784531638,-2.7351017657507155,0.4360739814734773,-1.97010205804244
10.51051051051051,7.415889035625548,-2.768382453517198,0.3133129891050282,-0.3518486566170448
10.61061061061061,7.148341777660656,-2.5464485070748477,0.37862281463330605,1.6638561163471879
10.710710710710712,6.91003907344373,-2.20506534206872,0.6393743675322858,3.4783457627604735
10.810810810810812,6.707245729096046,-1.85155602493056,1.057290754519058,4.767938064225406
10.910910910910912,6.5374709476757005,-1.5533505201400235,1.5712376891594324,5.3806226586138735
11.011011011011012,6.3933556984832665,-1.3413399966081085,2.109879592442447,5.258688396043573
11.111111111111112,6.265989486458143,-1.2168530287040928,2.6006112750144688,4.439339756251655
11.211211211211213,6.1474926718238,-1.1593271881266427,2.980684688960955,3.0863455352486318
11.311311311311313,6.0327703036360285,-1.1353352764404532,3.210152832309158,1.485051444620989
11.411411411411413,5.920288105402376,-1.1088958093632628,3.2809497220830695,-0.0296541455629292
11.511511511511513,5.811838837835133,-1.050829970155895,3.2165317403064506,-1.1800213710855516
11.611611611611613,5.711544032288615,-0.9442892410383344,3.0618418589186502,-1.8218786582033712
11.711711711711713,5.62455228304393,-0.7853231136608748,2.8689479976423056,-1.9527885799588107
11.811811811811813,5.555881098948165,-0.5798206671663084,2.6848595957738484,-1.666286958470739
11.911911911911913,5.509641984297006,-0.339326475593134,2.544902966065104,-1.0935168181205717
12.012012012012013,5.4886530755910075,-0.07771123304312445,2.471152993652262,-0.3638991124003637
12.112112112112113,5.494306873317624,0.19057681636824464,2.4734112766086715,0.4067228752722556
12.212212212212213,5.526544266710724,0.4510005764233208,2.550284107390101,1.1082676096264683
12.312312312312313,5.583849354002083,0.6890264213900025,2.689062032114353,1.6227464576922854
12.412412412412413,5.66327570951955,0.890821722882837,2.864556331414191,1.8195216562006513
12.512512512512513,5.760608208541413,1.0453626939934277,3.0384759290083365,1.5726822428975682
12.612612612612613,5.870817347225993,1.1481149164913722,3.1619372097119123,0.805969268697951
12.712712712712714,5.988924873018358,1.2052901984814908,3.1834070375026133,-0.4478027067319385
12.812812812812814,6.111234326146689,1.2364345147168216,3.061894060260173,-2.008594187264774
12.912912912912914,6.236628184532172,1.2728191111582496,2.7811694780855873,-3.5715510364762033
13.013013013013014,6.367441064464446,1.3506209538925404,2.358299353722253,-4.7943941902575355
13.113113113113114,6.509444441550812,1.5004340985690094,1.8420006514442557,-5.402310823593107
13.213213213213214,6.670721455548783,1.7360579546851829,1.3023232960362996,-5.2482625330463275
13.313313313313314,6.859473130331766,2.0445080539460143,0.8175154263521005,-4.311921540165243
13.413413413413414,7.08089517175467,2.3773983241332544,0.46229564231500836,-2.6843776114605418
13.513513513513514,7.333287970526132,2.6447594677066877,0.2953464826341115,-0.6088553661214432
13.613613613613614,7.6039333599972405,2.7185478498741094,0.33888719314412447,1.4098786580011893
13.713713713713714,7.866452564333561,2.4618462235818677,0.5491107638806146,2.5741767265295086
13.813813813813814,8.082990361371165,1.796316720065129,0.8000024811025052,2.141518616783999
13.913913913913914,8.214284022250345,0.7831889059632903,0.9254952123336726,0.18606403982450334
14.014014014014014,8.235387691710356,-0.3596272464038459,0.8282016442379554,-2.027577401349516
14.114114114114114,8.14720357694351,-1.3586032796127427,0.5649841065332009,-2.9200774074331526
14.214214214214214,7.974408558008004,-2.0333269679168695,0.3080253789244586,-1.9281226759281578
14.314314314314315,7.751795586062569,-2.3623466636990003,0.21961698228696272,0.2687073296948093
14.414414414414415,7.509990537511327,-2.4366788466932143,0.3646349300006815,2.562487897004189
14.514514514514515,7.268459426052453,-2.37539434788293,0.7083413039205615,4.146003467600063
14.614614614614615,7.0358913373811305,-2.26887627101496,1.1601057688150351,4.70686243248009
14.714714714714715,6.81420556020368,-2.161794796160629,1.6188891244200847,4.3233204316377165
14.814814814814815,6.602867699703811,-2.0609778741828624,2.0043764225398126,3.3054181230848694
14.914914914914915,6.401847863332235,-1.9525369891985942,2.2726983593331695,2.048104379674663
15.015015015015017,6.212837738489919,-1.818314573179798,2.4183531752579923,0.9046096240419998
15.115115115115117,6.039085829608076,-1.6465401933361106,2.4653878612170423,0.10332420870778775
15.215215215215217,5.8845190684016035,-1.435531970176944,2.45338597719013,-0.27175890295946414
15.315315315315317,5.7527737216734245,-1.192274714807496,2.4243509622419555,-0.24809509961260817
15.415415415415417,5.646499162339086,-0.9288821587686101,2.4141349600094393,0.08726862893170348
15.515515515515517,5.5670163530284125,-0.6593370382430324,2.4486985905241934,0.6288075056157508
15.615615615615617,5.51424037623206,-0.3975350045115251,2.5433899256913723,1.271321653192894
15.715715715715717,5.486735043441342,-0.15651780587495823,2.703102336926325,1.9101306866724368
15.815815815815817,5.481812354686553,0.051790229594045424,2.9219588246753267,2.433465801295978
15.915915915915917,5.495666453582716,0.21712914161844668,3.1823659106045348,2.7195372427855027
16.016016016016017,5.523601716978987,0.3322975457423301,3.4544840239078627,2.6493080002155733
16.116116116116117,5.560447933455743,0.3954481266976858,3.6980080129853325,2.1397766397063536
16.216216216216218,5.601224858599863,0.41259331180541053,3.868014896287232,1.18904935578753
16.316316316316318,5.642012838691279,0.3989596439700442,3.924914042660943,-0.09198605668462013
16.416416416416418,5.680841699449929,0.3778270901063577,3.8456191768795924,-1.4908917131480837
16.516516516516518,5.7183178305630395,0.37654099236583294,3.630958141453093,-2.7559312455224765
16.616616616616618,5.757758711234221,0.42099148436154776,3.3053576193202856,-3.6807731553142515
16.716716716716718,5.804790214500522,0.530764506444922,2.9089158784895646,-4.164530095894606
16.816816816816818,5.866565092314749,0.7165684020244456,2.4860240863246252,-4.219135422762785
16.916916916916918,5.950845324857322,0.9799550948542084,2.0756344716308273,-3.9332334496339705
17.017017017017018,6.0651202352158196,1.314038368078864,1.7060548483076385,-3.423246116880673
17.117117117117118,6.215777991325653,1.7036017430821417,1.3941312500329046,-2.7976542409273937
17.217217217217218,6.407210200922269,2.1235581196617885,1.1468862795840886,-2.143862191504145
17.31731731731732,6.640675272227027,2.535779832411346,0.9634774672399165,-1.533516253079175
17.41741741741742,6.9128162334990835,2.885749045522764,0.8361468150464025,-1.0350673377481385
17.51751751751752,7.21396306591076,3.102310474049794,0.7501998152166194,-0.7175381820920912
17.61761761761762,7.5267653371226855,3.105372091952192,0.6848340431976234,-0.6270126216380771
17.71771771771772,7.826171972444679,2.825425099426325,0.6180266354301688,-0.7310683411398896
17.81781781781782,8.081892623833859,2.232330348000314,0.5371297787178053,-0.872233682512603
17.91791791791792,8.263698083009396,1.3602968609866033,0.45008366451829657,-0.8164118119167413
18.01801801801802,8.34826982948641,0.3113059813689947,0.38523510626087354,-0.4235074391684541
18.11811811811812,8.324950297388677,-0.7697445961087157,0.3733673572047972,0.20451458191053692
18.21821821821822,8.19804264529933,-1.7358676386881704,0.4246466007362306,0.7889990271707854
18.31831831831832,7.9850716161202575,-2.474870882758535,0.5222602834039366,1.1099443067813637
18.41841841841842,7.7121146654993815,-2.929870242177078,0.6376607994296586,1.161051387128282
18.51851851851852,7.408036165411495,-3.10087025793843,0.7508962478214054,1.098304624668851
18.61861861861862,7.099379058745254,-3.0310640433220764,0.8595931004839611,1.0941465540761868
18.71871871871872,6.807073063593646,-2.785799314260534,0.9752415679682812,1.245902428999499
18.81881881881882,6.545230197029355,-2.433237647749734,1.1148257569735955,1.5699855634452633
18.91891891891892,6.3215385655312195,-2.032241789158727,1.2942444239403839,2.034005446098036
19.01901901901902,6.138469620764445,-1.6279685183185806,1.5248871984800916,2.583102891704599
19.11911911911912,5.994644442435772,-1.2525583332406245,1.8119311245945815,3.1480616582198206
19.21921921921922,5.886007788322146,-0.9278227732226916,2.1527853294615515,3.642039295045821
19.31931931931932,5.806730861877588,-0.6677019155762097,2.535149039168373,3.958210524705923
19.41941941941942,5.749930007098356,-0.47938834453006557,2.9353744764023992,3.979895228697278
19.51951951951952,5.708347886943331,-0.36301100274681447,3.3187843440574913,3.609890947563276
19.61961961961962,5.675110014147263,-0.3106345969010567,3.6437639562793973,2.814518072889464
19.71971971971972,5.644560240450383,-0.30593145375431385,3.8702123853111656,1.6620931295169652
19.81981981981982,5.61303825579629,-0.3258321782174707,3.970350233078798,0.32707041431871237
19.91991991991992,5.57937292834257,-0.3444855604874718,3.937467128569853,-0.9553524244783699
20.02002002002002,5.544905719824306,-0.33838942054825466,3.788234147168695,-1.9666869632985857
20.12012012012012,5.513025658639501,-0.29068012301753215,3.5573849850198287,-2.572774037082674
20.22022022022022,5.488386549357882,-0.1930398727018498,3.287642314610926,-2.7479643501810265
20.32032032032032,5.476064596539727,-0.04507796455503178,3.0195949295496187,-2.554453704079133
20.42042042042042,5.48086341507264,0.147767384059339,2.784925548673135,-2.100914939548475
20.52052052052052,5.506846592186681,0.37648131387492323,2.603677053786761,-1.5066382017698354
20.62062062062062,5.557065201804562,0.6300338993864711,2.4842387000827166,-0.8838137168731777
20.72072072072072,5.633398474166296,0.8961092273306337,2.424218303108053,-0.3364383850665696
20.82082082082082,5.736441213625468,1.1614108447662628,2.4109632928372586,0.033443374356719034
20.92092092092092,5.865429230015397,1.4122418617650567,2.4215779680908143,0.12389609070165976
21.02102102102102,6.018266463633189,1.6360525860810822,2.42344489195939,-0.15341858729246197
21.12112112112112,6.191770058896174,1.8242302576532947,2.377141812667734,-0.8387116552882158
21.22122122122122,6.38223359087728,1.9754447340857235,2.2436562410530736,-1.8752955471757826
21.32132132132132,6.586274659027771,2.0975461909866384,1.9962518936853593,-3.0707208229902796
21.421421421421424,6.80167983238115,2.2051252223679776,1.63433034376222,-4.100927169170882
21.521521521521525,7.027686095686168,2.3104780094334187,1.1938008726188305,-4.576734685933102
21.621621621621625,7.264026822731233,2.408317919396248,0.7479538944609326,-4.16364475209892
21.721721721721725,7.508298219264432,2.458635133573887,0.39457646895919624,-2.734075368529255
21.821821821821825,7.751892839945094,2.3773139751363743,0.22677701307173248,-0.5373565709074116
21.921921921921925,7.9760118363947345,2.05008248628374,0.2880990604759877,1.6784602923950662
22.022022022022025,8.150935491402512,1.3852688382084495,0.5267135614679821,2.8225856378002403
22.122122122122125,8.242335577644395,0.39625917810884675,0.7909069438633605,2.1438585237596626
22.222222222222225,8.224973912648805,-0.7476183331763979,0.9078468539010818,0.06628226043571671
22.322322322322325,8.09651870955248,-1.7776043681879847,0.8075632100071444,-1.9177146173846067
22.422422422422425,7.880555851818129,-2.4697826438172794,0.5721608256850861,-2.4998628609991296
22.522522522522525,7.61592589550833,-2.751663140279798,0.3608670473922255,-1.500449423637863
22.622622622622625,7.341100545622795,-2.6931022587311215,0.30213490785865976,0.40753102164396726
22.722722722722725,7.083640051731613,-2.428203120664796,0.4463655452122091,2.443424025504005
22.822822822822825,6.857497738801313,-2.086354035345825,0.7782610060038279,4.097152419423758
22.922922922922925,6.665357989241056,-1.7609042012113763,1.2453202311669056,5.117206984792191
23.023023023023026,6.502620435278715,-1.5045302804203908,1.7780136279602692,5.399597731388176
23.123123123123126,6.361226110649515,-1.334901868178605,2.301397029253447,4.938814767372011
23.223223223223226,6.232771284003216,-1.2426314379370094,2.7454178938932707,3.8427682376490706
23.323323323323326,6.110778186729606,-1.200235193437864,3.0572829935285997,2.3471623763790217
23.423423423423426,5.992000427814118,-1.1724263574414475,3.2127593919899753,0.7745341735009905
23.523523523523526,5.876676096433586,-1.1264583807826969,3.220386996386687,-0.5607679715799803
23.623623623623626,5.767857842504229,-1.0397461897575457,3.1156232908846517,-1.4477022839695555
23.723723723723726,5.67021054443394,-0.9027186661579598,2.9479048942784063,-1.8188272719682852
23.823823823823826,5.588759433641624,-0.7172074513714201,2.7670327936942947,-1.7263310006954766
23.923923923923926,5.527935716962131,-0.49254363304643983,2.613905722032471,-1.2861663529342777
24.024024024024026,5.491026389991654,-0.24170990396013553,2.5167826692363526,-0.6285682652934118
24.124124124124126,5.479946508570127,0.021144993454265144,2.491294032424882,0.12615788519590115
24.224224224224226,5.495183500217259,0.28171927971256217,2.5416094560240743,0.8679255003022308
24.324324324324326,5.5357944953008085,0.5257496102273674,2.660900317141212,1.4847726567260544
24.424424424424426,5.599420948922788,0.7393287872644738,2.830564509297505,1.8526410687331396
24.524524524524526,5.682380084303125,0.9102524660621784,3.0191117169746327,1.8409794952229135
24.624624624624627,5.779966186127191,1.0308891191937972,3.182848002598666,1.3439923870932937
24.724724724724727,5.8871038859082185,1.1021778885168283,3.270926169308315,0.33444186659263303
24.824824824824827,5.999395400769122,1.1371354405013006,3.235966204389483,-1.0848716248998354
24.924924924924927,6.114393391737522,1.1614514990119085,3.0480359437193343,-2.6720630504765825
25.025025025025027,6.232706263021051,1.2093992126919058,2.706225754052955,-4.103948533882921
25.125125125125127,6.358465619728945,1.3154596662358626,2.2418433636937927,-5.077508944371173
25.225225225225227,6.4988403285844205,1.504146728405033,1.7117697019597815,-5.394331737391994
25.325325325325327,6.662554310922274,1.7805753014907548,1.1862945624854995,-4.983298140356459
25.425425425425427,6.85753346560905,2.1224215843067444,0.7374694828893765,-3.8748755406041795
25.525525525525527,7.087786388117935,2.472577582927221,0.43000091309154664,-2.1878572322899026
25.625625625625627,7.3496271954085515,2.73407738556058,0.31024148394291345,-0.18662779355387635
25.725725725725727,7.627832382073163,2.7761172073574922,0.3860824495559799,1.6082104777343431
25.825825825825827,7.893641567418044,2.467857140868949,0.5996705874518578,2.4316565055351242
25.925925925925927,8.108024324887937,1.748958763451401,0.8195002427430181,1.686636654212456
26.026026026026027,8.232729243587377,0.7041519507795043,0.8934645582594828,-0.3317076798148682
26.126126126126128,8.245749988945722,-0.43669596417254797,0.7557193204116895,-2.2689176885600078
26.226226226226228,8.150999028655914,-1.4108188276140714,0.4900729367064093,-2.7258905704410794
26.326326326326328,7.974282975237136,-2.0614372412717117,0.27003397549110825,-1.4240034244904998
26.426426426426428,7.749352482599342,-2.3840821183047765,0.23640511843353226,0.8128097474618211
26.526526526526528,7.504860936252102,-2.471207455730506,0.42765655483445153,2.911920250022592
26.626626626626628,7.258791124199431,-2.431992654481647,0.7912322844357962,4.185328598411443
26.726726726726728,7.0195573985031645,-2.34386994533002,1.2313991329924583,4.447075640849979
26.826826826826828,6.789977432183388,-2.2418016395745766,1.6534789729434,3.873859012941826
26.926926926926928,6.571084374429923,-2.12919401100754,1.9910323924539692,2.824371860003177
27.027027027027028,6.364432715911014,-1.9950160399522532,2.215946507386022,1.6826381897082403
27.127127127127128,6.172788802329066,-1.8279248201561662,2.3348842251415975,0.745458454236724
27.227227227227228,5.999729432199953,-1.6237366385306284,2.3774611720588372,0.17171526473126864
27.32732732732733,5.848820062211133,-1.3866762063535527,2.382510417401951,-0.007759392457153108
27.42742742742743,5.722873383811899,-1.1270258434202207,2.3873293963371403,0.15388657654667923
27.52752752752753,5.623504620332179,-0.8579351654930257,2.4216672489583457,0.5655187483410814
27.62762762762763,5.550973756569837,-0.5930385056391219,2.505535592815053,1.1267114271237364
27.72772772772773,5.504205696738594,-0.3452615421210303,2.648861435366112,1.736512508692848
27.82782782782783,5.480886091215886,-0.12639510240288368,2.8513131449166162,2.289856545803063
27.92792792792793,5.477590767701322,0.05326967326952811,3.101614300898696,2.6728748249674052
28.02802802802803,5.48997556853857,0.1858644243307293,3.3768066415751905,2.768261671391447
28.12812812812813,5.513099455021559,0.26768237236101816,3.642894681187045,2.478176594604208
28.22822822822823,5.541951234381565,0.301393293056975,3.8586323498023782,1.762632159565534
28.32832832832833,5.572182424501616,0.29773741045404195,3.983291559734289,0.6766625849584775
28.42842842842843,5.6009293585903945,0.2754175620597472,3.9869695655778403,-0.6206291477406053
28.52852852852853,5.627499226935567,0.2584623252467368,3.859534677765337,-1.9033465978141308
28.62862862862863,5.653683667253337,0.27163750693030025,3.6138377044790664,-2.9514525915951135
28.72872872872873,5.683585982616091,0.3356564788983255,3.2814162622188494,-3.6208248252448065
28.82882882882883,5.723037657144299,0.46399838853734987,2.9029268138920035,-3.8744145588967336
28.92892892892893,5.778812195868554,0.6620342378987032,2.5178585850839017,-3.7670207658994284
29.02902902902903,5.857844059734353,0.9278090638458243,2.157298874934612,-3.4042617097940755
29.12912912912913,5.966553747245367,1.2531517588136227,1.8409393867725736,-2.902713206830805
29.22922922922923,6.110249837898886,1.6239569212899394,1.5773096248625815,-2.366496414298096
29.32932932932933,6.2924935453999,2.0191334016445714,1.3654636025441604,-1.8807470345100097
29.42942942942943,6.514299186252112,2.408487393122816,1.196819098966902,-1.513223955209451
29.52952952952953,6.773110282438747,2.7505998556583005,1.0569277282974547,-1.3120410737079011
29.62962962962963,7.061636113857386,2.9925164782148683,0.9281286327591544,-1.2889867990900188
29.72972972972973,7.366840381666194,3.073450788880739,0.7946947010938458,-1.387861190011877
29.82982982982983,7.6695719877571955,2.9340332655409966,0.6510490191189957,-1.4613768478304665
29.929929929929934,7.945389830918361,2.5306275872924573,0.5097927213631722,-1.307453445510694
30.030030030030034,8.1669657866461,1.8519529673459711,0.4014010398025897,-0.7990487437620053
30.130130130130134,8.308108166197153,0.9341474630881551,0.3585455173918144,-0.03804320226522252
30.230230230230234,8.349011268983093,-0.1309236794867161,0.3911769854417958,0.6449647849212917
30.330330330330334,8.281637753736735,-1.2031397745382535,0.4740644307432283,0.9311603653476617
30.430430430430434,8.113163857259634,-2.1259965428404373,0.5629142783309967,0.78844431820942
30.530530530530534,7.86521316944008,-2.775652229943923,0.6263450935199182,0.48035602669092664
30.630630630630634,7.56843652872215,-3.099524704521911,0.6642783719875904,0.32177141457541225
30.730730730730734,7.254848518005034,-3.120539266308714,0.701181839976709,0.4691770497260852
30.830830830830834,6.951421673218527,-2.910695035698773,0.7679199334482713,0.9051396754600955
30.930930930930934,6.676921316210433,-2.5567947539132403,0.888769907739626,1.5324526378519712
31.031031031031034,6.441741285577085,-2.1365921634063043,1.0777482250187762,2.251361319459122
31.131131131131134,6.2493895253427425,-1.7093405662516665,1.3398353081571668,2.980712004033542
31.231231231231234,6.0983846604821705,-1.3159612232153344,1.672310816503019,3.6442896273943646
31.331331331331334,5.983911697523609,-0.9828248459856684,2.064226317142709,4.151336350322423
31.431431431431434,5.899091640458991,-0.7252446395410409,2.494471748133291,4.3903081598847296
31.531531531531535,5.835989422832213,-0.549112864268702,2.9303466447855775,4.246294567853556
31.631631631631635,5.786550107758662,-0.4508365745151161,3.3291539409307362,3.6430374214696206
31.731731731731735,5.743575092402109,-0.41688717243813656,3.6446912739628705,2.594714286900599
31.831831831831835,5.701688036965617,-0.42473768283756824,3.838149263980623,1.2362440638421777
31.931931931931935,5.658083582797926,-0.4463439149849478,3.8896259004287597,-0.19807818019495807
32.032032032032035,5.612811603382757,-0.45371240330930374,3.8047135298381547,-1.448225961935881
32.132132132132135,5.5684803666217535,-0.42453306255758366,3.6125804085470574,-2.3161449867557296
32.232232232232235,5.529489759183071,-0.34563752308688284,3.3566829777819978,-2.7185683015506137
32.332332332332335,5.5010733451605605,-0.21335879180123352,3.0829705279918618,-2.68438635276649
32.432432432432435,5.488433099569674,-0.031552085966774904,2.8305120578995204,-2.3139965200303743
32.532532532532535,5.496123738456077,0.19114607070794032,2.626720632119017,-1.7332213935127916
32.632632632632635,5.527692260732068,0.44352129629068987,2.4864509908106283,-1.0641927964124591
32.732732732732735,5.585486933447838,0.7129497207742708,2.4129110223162002,-0.417704144554141
32.832832832832835,5.670539171467918,0.9857733991304098,2.398553145823191,0.10057659998706722
32.932932932932935,5.7824711353655545,1.2475760272927374,2.4251566446695487,0.3823403391020553
33.033033033033036,5.919461349667945,1.484202961340411,2.4635986270921477,0.3202470692201473
33.133133133133136,6.078378277041136,1.684159702652557,2.4750078810620924,-0.16686044269934755
33.233233233233236,6.255223125119584,1.8422777526606102,2.4156222395303435,-1.0863166851006565
33.333333333333336,6.445949829107656,1.9632200109078293,2.2469086692138456,-2.3187339457351768
33.433433433433436,6.6475156158510345,2.0620458621475946,1.949830197338906,-3.594515476128135
33.533533533533536,6.858711169044785,2.1588242903627863,1.538567926093292,-4.531646550611814
33.633633633633636,7.080089890928791,2.266068687041812,1.067176275190524,-4.736094893921352
33.733733733733736,7.312354700851051,2.3711693623261603,0.624202893734999,-3.936433626458541
33.833833833833836,7.552975535885451,2.4200003628818285,0.3131251142330493,-2.1313816596597532
33.933933933933936,7.79166070818332,2.312738684491304,0.2175578514750867,0.257052654225946
34.034034034034036,8.006691973712833,1.9282720223750394,0.3539265625500877,2.3168412462203465
34.134134134134136,8.165727183888912,1.1894428084342226,0.632832110263502,2.942226005565874
34.234234234234236,8.234511105325002,0.14750326494820767,0.8775208141002575,1.6566735054333883
34.334334334334336,8.192014536863622,-0.9890635918891417,0.9281180620546177,-0.6874865581496712
34.434434434434436,8.042654226975332,-1.9443661668528622,0.7607662029067304,-2.4299727566414693
34.53453453453454,7.8154027004975655,-2.526520311810057,0.4988357459630683,-2.504865432645013
34.63463463463464,7.550396734661783,-2.706887358367579,0.3104199201534432,-1.069754169309571
34.73473473473474,7.283678260340041,-2.5829902360000543,0.30744418230469145,1.052295474040962
34.83483483483484,7.03873778450467,-2.2948068686906544,0.5181221813212278,3.0970845576490396
34.93493493493494,6.825618606029629,-1.9643899908972176,0.9095324665664987,4.612001634129752
35.03503503503504,6.644113806660526,-1.673113532859067,1.416603910884687,5.38675613300048
35.13513513513514,6.4879794094568055,-1.461054206227793,1.9608687218695424,5.353299841153357
35.23523523523524,6.348745952586854,-1.333998519567456,2.4629061290428167,4.562433407447527
35.33533533533534,6.218706765181377,-1.2725657899477796,2.8551056356317037,3.2016441227136827
35.43543543543544,6.0929142477581335,-1.242929208628539,3.095153538831059,1.5810201710746041
35.53553553553554,5.970040011309757,-1.208526347758368,3.1748136928254764,0.053490715563382196
35.63563563563564,5.852114097272643,-1.140204248342214,3.1186449050919687,-1.0960357913480288
35.73573573573574,5.7434551827734115,-1.0218626934486328,2.972908414508765,-1.7255331656538717
35.83583583583584,5.649310416669638,-0.8507026414729896,2.7905283988606895,-1.8386806503802045
35.93593593593594,5.574677548155927,-0.6337677711780973,2.6187720517411877,-1.534270048158667
36.03603603603604,5.523543711361893,-0.38351481051512,2.492832028371943,-0.9459501941563697
36.13613613613614,5.498526242248737,-0.11443401049724455,2.434514793428619,-0.20357450293335377
36.23623623623624,5.500766867921712,0.15863193791417154,2.4533435515051316,0.5769530059408929
36.33633633633634,5.529923754387515,0.420890473775773,2.5475933781148,1.2843647161329286
36.43643643643644,5.584177949433109,0.6576587146665893,2.704017765074239,1.7977390490933594
36.53653653653654,5.6602722807861685,0.8551164358151365,2.8965321059499027,1.982442372785603
36.63663663663664,5.7536956175157945,1.0025483212159865,3.0855819620539937,1.7096950495956265
36.73673673673674,5.859174419273724,1.0961684894254575,3.220918073357635,0.9045578847132535
36.83683683683684,5.971585348735113,1.1434049318122048,3.2500731774572826,-0.39280058845050836
36.93693693693694,6.087224696647706,1.1652877271943323,3.1320947056989397,-1.991011924351759
37.03703703703704,6.205113681224277,1.1944508286203344,2.85186941089503,-3.5763239573488614
37.13713713713714,6.327841244534096,1.2679881218506055,2.428045125805139,-4.806927711240526
37.23723723723724,6.461503525067216,1.417041150035263,1.9102903495365786,-5.419874938332947
37.33733733733734,6.61456887290252,1.6562190455087458,1.3680263521654765,-5.286542245782246
37.43743743743744,6.795759455609576,1.9746233160486804,0.877086540057065,-4.4020382926964645
37.53753753753754,7.011104883833213,2.328132644282425,0.5088794687706689,-2.8576372477026206
37.63763763763764,7.260278258247137,2.6331021849110523,0.3201195355685685,-0.8672463659843421
37.73773773773774,7.532575018756686,2.7672241591469855,0.3358476892353873,1.1299858429671292
37.83783783783784,7.803919814724583,2.592265753496895,0.5224485425966545,2.407872050509321
37.93793793793794,8.037934802609644,2.0136934986555124,0.7679956279164785,2.212700737635383
38.03803803803804,8.194420385786497,1.062116008604307,0.9120211639276985,0.46137501207989107
38.13813813813814,8.24436684683625,-0.07236062926250082,0.8438466465428889,-1.764206648543324
38.23823823823824,8.182944258753855,-1.1191496089178203,0.5971172513751533,-2.874949559236489
38.33833833833834,8.030227945515772,-1.8744194814606525,0.33218997807227574,-2.118906849987904
38.43843843843844,7.819264170412457,-2.286992507206135,0.2179951125019109,-0.030621413598010634
38.53853853853854,7.5814311073211895,-2.4293132008511034,0.3331823931359397,2.2814113571094725
38.63863863863864,7.338103898142889,-2.4152339858377045,0.6522450964654622,3.937874653038041
38.73873873873874,7.099982746441431,-2.3371852120176375,1.086875186283864,4.569847387068363
38.83883883883884,6.870668280480659,-2.2437594669720746,1.534716326933762,4.238876530188945
38.93893893893894,6.650921897850023,-2.1454296718003745,1.9138761794827148,3.2626985043264325
39.03903903903904,6.441669040498253,-2.031506912876554,2.1799883651048484,2.047259615780562
39.13913913913914,6.245247894388818,-1.8868279508826744,2.3278065421122283,0.9490476334127916
39.23923923923924,6.065264177115862,-1.702375580981241,2.3815487851056663,0.19221892130641183
39.33933933933934,5.905748860573048,-1.4787289402361847,2.3803971591028827,-0.1454724922761999
39.43943943943944,5.77024919908784,-1.2244535631633917,2.3654259709979906,-0.09534169722184971
39.53953953953954,5.661201656612932,-0.9525759990252854,2.3713409208281355,0.25496464626432647
39.63963963963964,5.579649840955418,-0.6774871619526556,2.4229996966491947,0.80104384600485
39.73973973973974,5.525207656723794,-0.41317938208749766,2.534761267283617,1.4385653482688159
39.83983983983984,5.496137854341634,-0.17260878929546855,2.710552200852803,2.0623439350358557
39.93993993993994,5.489467486540304,0.03254048961129961,2.943413002257769,2.5589638900430267
40.04004004004004,5.501139836682751,0.19246471643433333,3.2145088706875833,2.805488558229179
40.14014014014014,5.526268927958045,0.30072910516687223,3.4927772076544246,2.6848605966403807
40.24024024024024,5.559588353031138,0.3565952446477396,3.7371472202485068,2.121485624182839
40.34034034034034,5.596145102189094,0.36739289309070905,3.902952301140955,1.1261379963214044
40.44044044044044,5.632175736735088,0.3495387844939479,3.952232494877577,-0.1765132121499469
40.54054054054054,5.66596100515255,0.326947125021668,3.8646861169094415,-1.5658866057196805
40.64064064064064,5.698380508678787,0.326749705607287,3.644234140532182,-2.792620421234939
40.74074074074074,5.732961163986167,0.37381297116894535,3.3176434343735783,-3.6623746679126157
40.84084084084084,5.775409331228436,0.48624782191827887,2.925909471308129,-4.0899118642835814
40.94094094094094,5.832808291803165,0.6733200116098697,2.51284725493239,-4.100123113924768
41.04104104104104,5.912725213081335,0.9355740646515857,2.1158045648166683,-3.78915109859995
41.14114114114114,6.022386804769728,1.2658108392627092,1.7609706761407224,-3.2766033145743068
41.24124124124124,6.16793038845961,1.6493986777660137,1.4628547910359733,-2.672577069182188
41.34134134134134,6.353611406719612,2.0630161094803836,1.2259789454492547,-2.066212681403626
41.44144144144144,6.580804938524349,2.4718972656184914,1.0468563343128634,-1.5297816947619949
41.54154154154154,6.846703664664519,2.8268460171560807,0.9152690224386757,-1.1263189391630928
41.64164164164164,7.142811440972975,3.063706970708861,0.8152064708863833,-0.9062829158731012
41.74174174174174,7.453665386329651,3.1091315864501503,0.7272357247339194,-0.8810549583811813
41.84184184184184,7.756592865390268,2.8957708568318736,0.6345874378663523,-0.9788916017987425
41.94194194194194,8.023434590193554,2.3855579249947643,0.5328580438681215,-1.0275733106238123
42.04204204204204,8.224671069453608,1.5924428155578558,0.43726011929312836,-0.829458304042277
42.14214214214214,8.335262893590974,0.5919162857982125,0.37740483861394625,-0.32232764388096247
42.24224224224224,8.340424324825223,-0.49024417888896576,0.37749387892466013,0.3230020547726402
42.34234234234234,8.239314417347835,-1.5070557705799787,0.4368905427836489,0.817858690529984
42.44244244244244,8.045329114070482,-2.3272004796483223,0.5303871117930623,0.996717178903896
42.54254254254254,7.782831425419285,-2.8671288087535736,0.6281085933961946,0.93077761845506
42.64264264264264,7.481435720415508,-3.10608115424627,0.7154635217747635,0.8253874303608382
42.74274274274275,7.169917271771077,-3.0786702829998314,0.7979751724264027,0.8546195005764049
42.84284284284285,6.871741546157906,-2.851995485725941,0.8934213540671764,1.0866304087591336
42.94294294294295,6.603084438535203,-2.500995169630828,1.0217701987158458,1.5048504709993658
43.04304304304305,6.372961962714072,-2.0919129789936086,1.1991070001087132,2.0551303914714145
43.14314314314315,6.184501923122824,-1.6757628020187725,1.435470869707997,2.673026980878811
43.24324324324325,6.03649302136617,-1.2886142888108785,1.7341172797132154,3.2864603607814074
43.34334334334335,5.924737666986893,-0.9546205634209636,2.090349389236226,3.8070688976303453
43.44344344344345,5.8430912789684974,-0.688905756022804,2.4895556001010446,4.125315842746608
43.54354354354355,5.784282255948171,-0.49894564578607087,2.9054683575630893,4.121467247851137
43.64364364364365,5.74067817278554,-0.38433493887574954,3.300609555205305,3.698491701069893
43.74374374374375,5.705121897987109,-0.33584287205165186,3.630920948055174,2.830233432052539
43.84384384384385,5.671834611777482,-0.3352961879560871,3.8550492870043125,1.6010462946110942
43.94394394394395,5.637227772140913,-0.3576772925454487,3.9458322201962908,0.20548644065807276
44.04404404404405,5.600378522684548,-0.37564606545985435,3.899039290057501,-1.1056249233101463
44.14414414414415,5.562984372567719,-0.36507662164639776,3.734848314055015,-2.109603650407354
44.24424424424425,5.5288060749436045,-0.3093904740468598,3.491299506581544,-2.679946699905322
44.34434434434435,5.5028063470439355,-0.20117375682013833,3.2132826809248054,-2.804907431546252
44.44444444444445,5.490265936313861,-0.04115326829229758,2.9421435051705,-2.5599791045570686
44.54454454454455,5.496083743935913,0.16420139871539913,2.7092008301044443,-2.06261833689229
44.64464464464465,5.524324835274778,0.40503413669022237,2.5334980245570953,-1.4362601816543743
44.74474474474475,5.577965243138062,0.6696101261287241,2.4221583718542012,-0.7946994573513895
44.84484484484485,5.658740613415701,0.9449301976251633,2.3713878225855622,-0.2433838629018548
44.94494494494495,5.7670313437240655,1.216961839724604,2.366932754328044,0.11303611278518912
45.04504504504505,5.901783852992597,1.4712673835780194,2.3839949114737093,0.16951330655032298
45.14514514514515,6.060546455429797,1.694762500256092,2.3878365522876317,-0.16281272793335955
45.24524524524525,6.239750802468794,1.878826729888999,2.337197873742957,-0.9170917712136153
45.34534534534535,6.4353412311192155,2.022874848936539,2.192507616750832,-2.0177208779116147
45.44544544544545,6.643692512134866,2.1360503618770057,1.928953627451937,-3.2423595252778483
45.54554554554555,6.862470719296085,2.233883925976713,1.5510547845040497,-4.235252190608191
45.64564564564565,7.090807855530357,2.327772919676751,1.1024584044254835,-4.589440899091703
45.74574574574575,7.328089697792991,2.4083223438234374,0.6645619646471403,-3.9835068402767653
45.84584584584585,7.570983477648179,2.428217780032595,0.33979746031122243,-2.347865591271114
45.94594594594595,7.809172676991891,2.2959189810726595,0.21762281204464878,-0.03818676611548043
46.04604604604605,8.02168920089302,1.8969210824177383,0.32608793133459335,2.078889190964758
46.14614614614615,8.177366641688776,1.1554098743615344,0.5896592687071289,2.890325164642162
46.24624624624625,8.242906498875806,0.11699443766472498,0.8405968705629935,1.8278817797341878
46.34634634634635,8.197447219725204,-1.018850699303912,0.9157138609358755,-0.39574373016805436
46.44644644644645,8.044824930110218,-1.9809559290589616,0.7762658381044598,-2.192122844090237
46.54654654654655,7.813365033713799,-2.5741159994833143,0.5299717597104338,-2.441319077035104
46.64664664664665,7.543150206032537,-2.7622238006314808,0.33826123953960613,-1.193413050939518
46.74674674674675,7.270869695832272,-2.6369966209445246,0.3159235444645943,0.8026322548199603
46.84684684684685,7.021047437017553,-2.336556591105656,0.49892689769212023,2.8089619325856163
46.94694694694695,6.804770406667416,-1.9844032020160791,0.8633184594964954,4.374681879130594
47.04704704704705,6.622613367658192,-1.6655490618107904,1.3525577152253225,5.27945374674581
47.14714714714715,6.468670616115319,-1.425188822344668,1.8949787419778903,5.429365579193117
47.24724724724725,6.3342553192658375,-1.2749201854987058,2.414311953349522,4.828074755483395
47.34734734734735,6.210881376371189,-1.2005060380481516,2.840599912853418,3.6034105848348323
47.44744744744745,6.092411328740885,-1.1709149234853566,3.123589653494214,2.0182481125177447
47.54754754754755,5.976213997849976,-1.1489748648975835,3.2440992733881573,0.4155145869204963
47.64764764764765,5.863239451071803,-1.1018758219569196,3.2168750255151424,-0.8889186855043547
47.74774774774775,5.757181332384905,-1.008404841269603,3.082730713547188,-1.701404675106358
47.84784784784785,5.6631687802955115,-0.8610065226066768,2.894194564408598,-1.9801628555594686
47.94794794794795,5.5864901962471425,-0.66341261767687,2.7016905401169184,-1.7994666213522492
48.04804804804805,5.531673930806426,-0.4263409795982086,2.5449758427086064,-1.288134293856985
48.14814814814815,5.501992488129453,-0.16364231899601542,2.450316384878808,-0.5811223922979568
48.24824824824825,5.499276712308871,0.10996506062627771,2.4311075070750854,0.2003586984327632
48.34834834834835,5.523877008659192,0.3796581803163924,2.489201642845532,0.9449080888267593
48.44844844844845,5.574657351150887,0.6305660389851626,2.615195720987639,1.5365851028667652
48.54854854854855,5.649002907373839,0.848160406972475,2.7873969510160066,1.8454038241232014
48.64864864864865,5.742924159859027,1.019922820757367,2.970697722137746,1.7372353014384916
48.74874874874875,5.851413267972188,1.1387174483266658,3.1178426444390324,1.1122952500124252
48.84884884884885,5.969202635171365,1.207232489214169,3.175798066242463,-0.03447065771710182
48.94894894894895,6.091942471840674,1.2414733160039135,3.098057066968086,-1.5622682860539823
49.04904904904905,6.217564891078674,1.2705608017685606,2.8597280798879576,-3.1865980701845062
49.14914914914915,6.347361927376813,1.3311227681953568,2.468730067960932,-4.55381944145657
49.24924924924925,6.486256580323655,1.4571537932066505,1.9671721446030352,-5.3524276746801345
49.34934934934935,6.641952148205598,1.6682875890900202,1.4226035047726522,-5.393616501155687
49.44944944944945,6.822943705729623,1.9590631698617362,0.9144886674137854,-4.625817287701401
49.54954954954955,7.035537166318338,2.2898047799245878,0.5214008692207488,-3.116476644535837
49.64964964964965,7.280044766672686,2.5795943768912992,0.30861195558361654,-1.07438780126384
49.74974974974975,7.5465717229701115,2.7067453121879383,0.3094745042057772,1.0509330450663759
49.84984984984985,7.811793801596938,2.531189082081085,0.4965393094141735,2.498235239979581
49.94994994994995,8.039783374462582,1.9543944765651087,0.7587173092330967,2.441881248228124
50.050050050050054,8.190368089065235,1.0030996512178283,0.9280305064881125,0.7126187634944969
50.150150150150154,8.234345507779832,-0.13254073627650903,0.879898640427888,-1.635878782099042
50.250250250250254,8.166965834809732,-1.1768000743367226,0.6363738052188078,-2.9412486515158935
50.350350350350354,8.008998748164585,-1.9196985519865557,0.35649708122664464,-2.3359310842315026
50.450450450450454,7.794619827572111,-2.308145207818931,0.21768496987646926,-0.28444764467963346
50.550550550550554,7.556240145173753,-2.418274979223921,0.31063209758990257,2.108081266061826
50.650650650650654,7.315699663179326,-2.3711161639100102,0.619882054682156,3.923740799296297
50.750750750750754,7.0833919051530865,-2.266886390716526,1.0621558341488602,4.73450619219349
50.850850850850854,6.861904219715596,-2.1601534072957103,1.5338198213743828,4.537969028562528
50.950950950950954,6.650553928705063,-2.0638080838783943,1.945922650224937,3.6042282651876087
51.051051051051054,6.448789557038122,-1.9654266561641354,2.2439687292357564,2.327786959945702
51.151151151151154,6.257820605531789,-1.8448992988631503,2.4134427864464314,1.0921890763015085
51.251251251251254,6.080697049157631,-1.6870807260722227,2.4732181130409807,0.1687714488097832
51.351351351351354,5.921480175471208,-1.4872412023782347,2.4618194619240987,-0.3217912565431314
51.451451451451454,5.784188532646468,-1.2505265606300173,2.4230953832105824,-0.38622947419837306
51.551551551551555,5.671973642409878,-0.9884467820121254,2.3960350957705563,-0.10562797851846056
51.651651651651655,5.586674267030559,-0.7151917614757741,2.409872276443478,0.4125036779317248
51.751751751751755,5.5286817030667255,-0.44521713224858844,2.4829193569740404,1.0596720113154146
51.851851851851855,5.496974174493698,-0.19221744919934056,2.6228008392413735,1.7301018768940957
51.951951951951955,5.48920948421688,0.031147924273971058,2.826377987913703,2.3129381592672886
52.052052052052055,5.501842952224838,0.21362398792853612,3.078856728388509,2.685917717585902
52.152152152152155,5.530317606062594,0.3465228473401795,3.352862113960362,2.722877978548563
52.252252252252255,5.569423528883308,0.42592803837958265,3.6093153104401456,2.322804000336733
52.352352352352355,5.613913033540273,0.45544724805988734,3.8021851957129345,1.456022364811883
52.452452452452455,5.65936715178985,0.44821312420814,3.887859818365043,0.20517835714028768
52.552552552552555,5.7031570875275115,0.4265454537327043,3.8369779249895877,-1.2317467417763377
52.652652652652655,5.745216094406668,0.4185004986547927,3.6437824201218922,-2.5940963779775488
52.752752752752755,5.788341077065072,0.45222365190332187,3.3280999543815835,-3.6464910623207536
52.852852852852855,5.837910711788065,0.5503505765763861,2.928775488229625,-4.252962257526158
52.952952952952955,5.901135843906221,0.7264946239494426,2.492133416602933,-4.398692024400953
53.053053053053056,5.986090046473505,0.9842895130200056,2.061032952361035,-4.1597598361039925
53.153153153153156,6.1007285043930475,1.3178308260927363,1.6683390374852651,-3.6511673066630608
53.253253253253256,6.251946186384287,1.7117330414455914,1.3353130986611883,-2.9846019420108703
53.353353353353356,6.444563231245482,2.1394780904723705,1.0730414871936407,-2.250955240283917
53.453453453453456,6.680046715576445,2.5598998323875235,0.8843631940209221,-1.5267441582485253
53.553553553553556,6.95484440603223,2.913391890779952,0.7643619527189877,-0.8939843517293522
53.653653653653656,7.2584790280905045,3.1217880645695733,0.6989548526155854,-0.4542067272407301
53.753753753753756,7.572064128294451,3.097986493449314,0.6635823870858686,-0.30700519236370455
53.853853853853856,7.868494263566316,2.77010894203497,0.6268898592630262,-0.4712051251426843
53.953953953953956,8.115667436665346,2.116043114927879,0.5639271378558036,-0.7884671440585977
54.054054054054056,8.28295930451525,1.1897674527924167,0.4746613426927817,-0.9386638700845992
54.154154154154156,8.348915784640718,0.11644017117226603,0.3909145079341911,-0.6533254533994383
54.254254254254256,8.306622747225132,-0.9470075025949769,0.35770615846230586,0.03577528923095635
54.354354354354356,8.16436393912507,-1.86116715609428,0.40077647495653596,0.8056098126030055
54.454454454454456,7.942082097959601,-2.535519728762168,0.5101898832508213,1.3206286650650056
54.55455455455456,7.665971921964764,-2.9351457406585335,0.6528999602396112,1.4764080059006885
54.65465465465466,7.363269871965943,-3.0719636745591203,0.7979510744682986,1.4003050804834347
54.75475475475476,7.0582922619493536,-2.9896624298369816,0.9323860446437615,1.2963030629649046
54.85485485485486,6.770079566947372,-2.7473230532703496,1.0616325575580046,1.3137161437399243
54.95495495495496,6.511592525696515,-2.4053543609671415,1.2014401701792508,1.5100785609235912
55.05505505505506,6.290081971144167,-2.0163902782335614,1.3695849301528096,1.8741493911177716
55.15515515515516,6.1080915291125235,-1.62163145473458,1.5806573350263018,2.3578647129392425
55.25525525525526,5.964611098052407,-1.2511452742859934,1.8433759231074573,2.893345979128992
55.35535535535536,5.856092769984433,-0.9259636479646806,2.158811351749694,3.395362723831727
55.45545545545546,5.77724470194143,-0.6601801957857801,2.51855238872453,3.75975279913836
55.55555555555556,5.721662401450295,-0.46199129978555936,2.903020196458094,3.8698475856942047
55.65565565565566,5.682423254107726,-0.33340888438272304,3.2812213828700862,3.619714891621581
55.75575575575576,5.652758617641498,-0.26914256246982976,3.613712801340119,2.953907789614085
55.85585585585586,5.6268332785371555,-0.2558005861934923,3.8598048507804834,1.9085752319939302
55.95595595595596,5.600532146285413,-0.2727387193211947,3.9878367391317338,0.627008472836829
56.05605605605606,5.572046818392048,-0.2952183637467632,3.9847718298013666,-0.6711182721607302
56.15615615615616,5.542053189743464,-0.29918685478448626,3.860552551579284,-1.7596122365880003
56.25625625625626,5.513402621932064,-0.26587658500888806,3.6449492259775558,-2.478586972186633
56.35635635635636,5.490438840179258,-0.18446562210757872,3.378643860578999,-2.7721365409135164
56.45645645645646,5.478176301175702,-0.05220883818065315,3.102913065021577,-2.679628608806219
56.55655655655656,5.481565937590011,0.12724298053114258,2.851826735710982,-2.2986448872585967
56.65665665665666,5.504966333917668,0.3460565141152634,2.6484287347909965,-1.746500600948064
56.75675675675676,5.551818738026988,0.5939594793969277,2.50407363192182,-1.1371766882329748
56.85685685685686,5.624455868693832,0.8591685810288444,2.419160634048769,-0.5758218123969848
56.95695695695696,5.723971424045278,1.1287548522063753,2.383825919132773,-0.1633915398343157
57.05705705705706,5.8501229403575135,1.3890641980436096,2.3781235571561035,-0.00027040391026799445
57.15715715715716,6.00130947698918,1.6269000242679856,2.372372466269268,-0.1776060742119608
57.25725725725726,6.174726066803169,1.8318943250905138,2.3293346676617213,-0.7487177084501708
57.35735735735736,6.366804197294461,1.9996926892620996,2.2102106120135367,-1.6831064687972739
57.45745745745746,6.573949040533467,2.1343113892990777,1.9853837592719457,-2.8221966066519135
57.55755755755756,6.793358181991565,2.2469028852321267,1.6481743688196147,-3.8691469732129367
57.65765765765766,7.023421310352465,2.3482943643185954,1.2267079593202153,-4.439399007004832
57.75775775775776,7.263028209252623,2.434857335587706,0.7874995448991609,-4.173674108123893
57.85785785785786,7.509260993451162,2.471394602194549,0.42531806031000496,-2.8957874113446507
57.95795795795796,7.753584344971916,2.3803237774338912,0.2358284183961578,-0.794480258106033
58.05805805805806,7.97789456829413,2.0526792370559703,0.27113962020350274,1.43785619811983
58.15815815815816,8.153473327587907,1.3969646760310457,0.4919835331320827,2.727006648308166
58.25825825825826,8.246642216554466,0.4193703936401921,0.7569871153475503,2.255690630386176
58.35835835835836,8.231844800702941,-0.7217089130223503,0.8930769648125727,0.31431863587317405
58.45845845845846,8.105518771454957,-1.76329987977089,0.8177719627852058,-1.6941684369694612
58.55855855855856,7.889952732305725,-2.47699957966702,0.5979396329149429,-2.424441535228503
58.65865865865866,7.623496319742053,-2.7800370617054844,0.3855894329928454,-1.5921828944014178
58.75875875875876,7.34511243977724,-2.7339730997736207,0.3114257454482641,0.20289281379456692
58.85885885885886,7.083422395077489,-2.469893994730547,0.4326001790048243,2.1994485637151824
58.95895895895896,6.85351773862866,-2.11830185394418,0.7409561991866837,3.8811716604319666
59.05905905905906,6.658990717167998,-1.7757540780341887,1.1902118530221653,4.98595749340275
59.15915915915916,6.495775565096358,-1.4990559826647891,1.7158572160825516,5.39536813162842
59.25925925925926,6.3559122668620525,-1.3103702603565883,2.2460107805787817,5.078188604893835
59.35935935935936,6.230653520606742,-1.2045184142243406,2.710454145764475,4.10442362472188
59.45945945945946,6.112811191138812,-1.1569581169606518,3.052273021819182,2.6715927431121913
59.55955955955956,5.998237596130265,-1.1331673805516589,3.2400656172405915,1.082435662352307
59.65965965965966,5.886313811504754,-1.0988028634960296,3.274653574645966,-0.33949133358822464
59.75975975975976,5.779484730297387,-1.0280873645860324,3.1859383001710015,-1.351606358799007
59.85985985985987,5.682154303289268,-0.9079235169916611,3.0213364382523538,-1.8505225966131205
59.95995995995997,5.5994110091911,-0.7373159843990807,2.8317736216428258,-1.86324522200072
60.06006006006007,5.535977862707879,-0.5238683227835286,2.6610281410708585,-1.4956618551610754
60.16016016016017,5.495556578732364,-0.27977858462044825,2.5406563340842507,-0.8785658205546746
60.26026026026027,5.480524565622162,-0.018960430389422234,2.489301794363244,-0.1362420866870632
60.36036036036037,5.491842523835645,0.24430910827362298,2.5138164880931946,0.6192172673561372
60.46046046046047,5.529039153928644,0.4957075231722429,2.6100459602587436,1.277685670268576
60.56056056056057,5.590212941601028,0.7210542382825221,2.76237278864879,1.7188381058771416
60.66066066066067,5.672086477035378,0.9073187348212868,2.9425458635781627,1.8123409749459676
60.76076076076077,5.770232501161263,1.0451057425202972,3.1096571960856387,1.441992516225959
60.86086086086087,5.879622841794162,1.1325128234488353,3.2138652223509236,0.5552491452608664
60.96096096096097,5.995583106749545,1.1790547287802249,3.2056602978196835,-0.7806899308063534
61.06106106106107,6.1150472236609135,1.2072979706272293,3.049507069137193,-2.354584172544471
61.16116116116117,6.237764110196986,1.250014725366279,2.736839758196422,-3.851232572295
61.26126126126127,6.366970875188112,1.3425317180316076,2.2919806216231877,-4.946695205431304
61.36136136136137,6.509137895365825,1.5123156416801624,1.7679647128915934,-5.403701665562255
61.46146146146147,6.672652809013974,1.7685791490269522,1.23523092265888,-5.113108219466214
61.56156156156157,6.865528605757432,2.093214242519996,0.769190981473171,-4.080175281560801
61.66166166166167,7.092259558924244,2.4327790253764228,0.4397712290038841,-2.4108214251291638
61.76176176176177,7.349965017903772,2.692926993574677,0.29949280719600174,-0.362444226583631
61.86186186186187,7.624401220011631,2.743506607786691,0.3628521123513737,1.544629909047537
61.96196196196197,7.887691888032869,2.4508620081618755,0.5776066960522865,2.5209688579895793
62.06206206206207,8.10119927856551,1.7477841560651821,0.8132119680158417,1.8997425988355652
62.16216216216217,8.22628275865449,0.711146030663501,0.9100522936397177,-0.11263420586133822
62.26226226226227,8.23997284416836,-0.43178118445432945,0.7884928205149484,-2.1833761666658327
62.36236236236237,8.14537539249639,-1.4126932763664217,0.5219860236920754,-2.8267952434127057
62.46246246246247,7.968271770985113,-2.0660244295871255,0.28481480143237065,-1.6477199632202957
62.56256256256257,7.743117135226241,-2.3824220033000683,0.22753323940713832,0.5837130931905464
62.66266266266267,7.499438589374978,-2.4557497848824648,0.39994902523934395,2.7776112775506046
62.76276276276277,7.255721339287593,-2.400629015239374,0.7571227750179037,4.195164159292348
62.86286286286287,7.020278711671021,-2.3005896606870335,1.2054221709337607,4.594245383683226
62.96296296296297,6.795294116664748,-2.1948357774674663,1.6470445294139513,4.105546661242244
63.06306306306307,6.5808914619555186,-2.0879328708965548,2.008865443832927,3.0644588665565324
63.16316316316317,6.377755526626299,-1.9670204247112195,2.255196607308006,1.8605459225448022
63.26326326326327,6.188070027209267,-1.8171012294289202,2.386894154201064,0.8182126190619182
63.36336336336337,6.015220947562157,-1.6300636834801647,2.430976197764503,0.12999704108767504
63.46346346346347,5.862938079967124,-1.40709931967052,2.4267246061157066,-0.14775473799498823
63.56356356356357,5.7344367264986245,-1.156772057807564,2.413779323998524,-0.05590501913425039
63.66366366366367,5.63184728219681,-0.8916372278378325,2.4249060293862295,0.3165162834216757
63.76376376376377,5.555966167354062,-0.6254246572468326,2.483086686305219,0.8670493742660446
63.86386386386387,5.506226789123678,-0.37147688633089543,2.6010188767419664,1.4933457495825093
63.96396396396397,5.480772996320735,-0.14216661690021018,2.7811172281816217,2.091238507522925
64.06406406406407,5.476570415564063,0.05140473133235726,3.014997793769571,2.548334042453642
64.16416416416416,5.489564111763777,0.20013296994994356,3.28259353520199,2.7449326476491755
64.26426426426427,5.514949474203142,0.29847855504931564,3.552142446251009,2.571672040818793
64.36436436436436,5.547639359566617,0.3467396624007102,3.7828982087499723,1.9655283678219106
64.46446446446447,5.582961603265439,0.35318467650778523,3.9319062076580322,0.9515715875630048
64.56456456456456,5.617507531016479,0.3347056946727831,3.9641749161345285,-0.3359129031597588
64.66466466466467,5.649923517401418,0.3149256232340287,3.862832798293473,-1.6774278658449024
64.76476476476476,5.681384535795666,0.31988841866763795,3.63452307710665,-2.836215868370436
64.86486486486487,5.715575644852771,0.37287884608432237,3.3071143379697716,-3.636371851767331
64.96496496496496,5.758198039413535,0.49040599346450464,2.920913224105025,-4.008752406729581
65.06506506506507,5.8161857998794595,0.6805084543691337,2.5177877803192508,-3.9868785669572864
65.16516516516516,5.896860996616617,0.9430520755361176,2.1326649167362057,-3.668110104841214
65.26526526526527,6.007164756458319,1.2706974172862529,1.7894291513906024,-3.169164124167866
65.36536536536536,6.152959293835923,1.6491580275871964,1.5006316729479632,-2.5965412647596198
65.46546546546547,6.338284788242419,2.055981262801889,1.2691617121672496,-2.0365011795543833
65.56556556556556,6.564421214262998,2.457972604321007,1.0901920201099005,-1.5579375808277314
65.66566566566567,6.828668434321437,2.808435208160599,0.9526652607244812,-1.2165559068396408
65.76576576576576,7.122934922374685,3.04660338599806,0.8408296983569837,-1.0477314787799112
65.86586586586587,7.432516777007569,3.1025881798686847,0.7374292275263394,-1.0403339201775417
65.96596596596596,7.735771523754463,2.910575369645751,0.6301208084992995,-1.1028812440990623
66.06606606606607,8.005516951333606,2.4295121915382305,0.5199595654257315,-1.0657133594888937
66.16616616616616,8.21262801601207,1.6648032500879655,0.42560379008747995,-0.7691887174897152
66.26626626626627,8.331431217687628,0.6808102577229437,0.37502723265089144,-0.20917941837911938
66.36636636636636,8.345527966753659,-0.4039690731072514,0.3857009630412104,0.40745900291636816
66.46646646646647,8.25215999240601,-1.4409504157513464,0.44924699203033563,0.8099906762758117
66.56656656656656,8.063391945451608,-2.2894662550140827,0.5368723909802693,0.8918895871953201
66.66666666666667,7.803322824969277,-2.8551936736673906,0.6211677534817944,0.7781242565701566
66.76676676676676,7.502193606604304,-3.1109916206933783,0.6935545923370834,0.6885899794851291
66.86686686686687,7.189749903533439,-3.0908249451924066,0.7650917347497582,0.7766704542055543
66.96696696696696,6.890291392559641,-2.864660539045114,0.8563043916570493,1.0798025431285811
67.06706706706707,6.620484216079057,-2.5110613827185944,0.9871826734431655,1.5594881213524157
67.16716716716716,6.389504494254981,-2.0991023671340194,1.1722824588128282,2.1521281467824647
67.26726726726727,6.200414087236992,-1.6814920803823041,1.4196052672999802,2.7915610220931555
67.36736736736736,6.051814762572436,-1.2950740619271426,1.7303513572564693,3.406374608543951
67.46746746746747,5.939278589156701,-0.9641324592220704,2.0978342399456973,3.9086912119849515
67.56756756756756,5.856442751750811,-0.7034325617579357,2.505499915039654,4.189716696979434
67.66766766766767,5.795875711871661,-0.5196486179064471,2.9253230811529303,4.133152346215197
67.76776776776777,5.749885564893823,-0.41118693194241995,3.3186603941874764,3.6506852744975435
67.86786786786787,5.711386928499533,-0.36742999035124196,3.6414511265528917,2.7303820210943184
67.96796796796797,5.674806887272348,-0.36898254712322404,3.8538890542394633,1.4723099376641202
68.06806806806807,5.6368587942522534,-0.39019588449740067,3.9317130624639467,0.08114479337468043
68.16816816816817,5.5969430941580445,-0.40395145992161124,3.8740757974563933,-1.1932855497940194
68.26826826826827,5.55701738456905,-0.38712262954139215,3.703874508034766,-2.139902554668635
68.36836836836838,5.520978348458112,-0.32453626010668196,3.4604232698245565,-2.648184506182333
68.46846846846847,5.493782512972048,-0.21014624305248505,3.188377506656124,-2.7195451179473356
68.56856856856858,5.480582623207246,-0.04571539867567544,2.9278450840124886,-2.4361497654616473
68.66866866866867,5.486066263737085,0.16165362187063978,2.7085504992877385,-1.9162828930219606
68.76876876876878,5.514040850551448,0.4017916838406266,2.5480345970977205,-1.2812466564161396
68.86886886886887,5.567204348693625,0.662851769205147,2.4521589685556857,-0.6425301547000911
68.96896896896898,5.647010157674531,0.9318608333097934,2.416039714071645,-0.1045627295348105
69.06906906906907,5.7535671454599555,1.1949899429482547,2.4243699425331875,0.22786463602589865
69.16916916916918,5.885584908661474,1.4383205770976726,2.4512836416773847,0.24988885363385388
69.26926926926927,6.040450385408144,1.6497857659294297,2.461099433720198,-0.12471090159279744
69.36936936936938,6.21456615798226,1.822398108484395,2.412063354388567,-0.9227114290530882
69.46946946946947,6.404039671394888,1.9577457301561383,2.264884095463062,-2.0600081171819666
69.56956956956958,6.605641331148507,2.067379759668257,1.9957788775342247,-3.308882969894
69.66966966966967,6.817669607959431,2.169103597070621,1.61041590426492,-4.317303719065427
69.76976976976978,7.0401030327649945,2.2763352405389954,1.1527080011267221,-4.691498002832174
69.86986986986987,7.273373214235366,2.381697901213988,0.702905281528824,-4.122477481766075
69.96996996996998,7.515402139741405,2.4399728962568163,0.3618479228719585,-2.5338483239718843
70.07007007007007,7.757295088831404,2.3604422953171658,0.21968539801516998,-0.2418687109957043
70.17017017017018,7.979375557388931,2.0243679293591756,0.3102256895339857,1.9417893825852457
70.27027027027027,8.150897152041738,1.34226251776917,0.567443392999132,2.910693838863997
70.37037037037038,8.237159646079407,0.3381845243285114,0.8286364134524712,1.9987170710594873
70.47047047047047,8.21383839408606,-0.8052108301868677,0.9228793945796054,-0.21397697756486928
70.57057057057058,8.080509017914911,-1.814342688415587,0.7955723807425654,-2.1475349965565473
70.67067067067067,7.862477453605945,-2.473510951588919,0.5453942859977536,-2.5550716640375817
70.77077077077078,7.599106364579157,-2.7241156758018112,0.33783845715375693,-1.3783894863951474
70.87087087087087,7.328139330180375,-2.6459469798162596,0.29743288849212,0.637997788940057
70.97097097097098,7.075768085709041,-2.3760526204146912,0.4668125190090443,2.7030995882296556
71.07107107107107,6.854550215535538,-2.041936873462345,0.8233139393478902,4.31903287935087
71.17117117117118,6.666086636694183,-1.7329419742264303,1.3083599910580945,5.2465606493668915
71.27127127127127,6.505137809018616,-1.4970073830205872,1.8476032741615007,5.396085509742589
71.37137137137138,6.363491752342357,-1.3469057271179834,2.363230817318031,4.787837477014176
71.47147147147147,6.233065360967176,-1.2688185432958032,2.7855605476073357,3.567669717376148
71.57157157157158,6.108082752039538,-1.2322444399261525,3.066087378262784,2.0085543049081633
71.67167167167167,5.986193832110464,-1.2011207656821403,3.187767358860505,0.4509477586090783
71.77177177177178,5.8684911663405375,-1.1442430592652801,3.166700047302672,-0.8014060705077469
71.87187187187187,5.758643229577348,-1.0420586773575347,3.0436855697791025,-1.5686018693183201
71.97197197197198,5.661604102698008,-0.8882913105545889,2.8700911961050766,-1.8172631435838118
72.07207207207207,5.582387043010651,-0.6873873811467128,2.6947044519913326,-1.6228975165989348
72.17217217217218,5.525199645389002,-0.45028804631005764,2.55578869911151,-1.1108387986126087
72.27227227227228,5.492988221663885,-0.1907610571149016,2.4785491805688524,-0.4114131005536591
72.37237237237238,5.487274208842211,0.07670909923105435,2.475733554265724,0.3575380952625302
72.47247247247248,5.508126737448075,0.33762732746758156,2.5487870518810016,1.0860787871556392
72.57257257257258,5.55416749788639,0.5775874374904442,2.6879797310199893,1.6586366986719694
72.67267267267268,5.622596777653996,0.7827602520863798,2.8713432368234395,1.9462076590376014
72.77277277277278,5.7093251642021166,0.9416298828701866,3.063701455521899,1.818063634592194
72.87287287287288,5.809358541215732,1.0483002268141994,3.21822353208955,1.1807557374746156
72.97297297297298,5.917568194081358,1.1066555645065668,3.2829963980444226,0.03610902902245515
73.07307307307308,6.029842515254886,1.1334133157115744,3.213128903498057,-1.4731311742904285
73.17317317317318,6.144383332418839,1.157584905957847,2.985047391698773,-3.0710576426883827
73.27327327327328,6.262703403724148,1.2150092958010883,2.6065271221733686,-4.424272222895148
73.37337337337338,6.389866119862677,1.3390665260663888,2.1171197395806427,-5.2479763336175385
73.47347347347348,6.533721973796589,1.5504213734807144,1.5791725564685604,-5.378011367968275
73.57357357357358,6.703171436345809,1.8480288997760381,1.0649597417100025,-4.776230643881633
73.67367367367368,6.905601766356804,2.2014801972033804,0.6456018649862459,-3.49891746151092
73.77377377377378,7.143589885487902,2.544011209519828,0.38221411315161263,-1.6953985588522587
73.87387387387388,7.411028103133793,2.769009900879868,0.31343660540816043,0.31573498100937436
73.97397397397398,7.689496054857518,2.7410518688196444,0.4328775504281112,1.9425474739114288
74.07407407407408,7.947190869495302,2.338611613043745,0.6631902169570765,2.4061267840366822
74.17417417417418,8.143970451831667,1.5306691981727174,0.8598002085025487,1.2656793543149158
74.27427427427428,8.244071753111726,0.4409771130284935,0.881436254823349,-0.8918047900537828
74.37437437437438,8.23122649224838,-0.6796575967828373,0.6976675068346944,-2.5687627646968636
74.47447447447448,8.115386700279974,-1.583833766991902,0.4249081868342946,-2.5634388817037825
74.57457457457458,7.925522787382402,-2.1521802940505896,0.24019856484175822,-0.921059440053372
74.67467467467468,7.694935959051444,-2.4108937650542366,0.2625735744121112,1.3831910752766285
74.77477477477478,7.449760912033817,-2.462681700589875,0.504518463257974,3.3272960931001476
74.87487487487488,7.2053052913635875,-2.411217086117013,0.8972894317263174,4.346867542838837
74.97497497497498,6.968223096326678,-2.322701269922047,1.3409239437407172,4.363038689118422
75.07507507507508,6.740669194733864,-2.2222025606109246,1.745260004862666,3.6192562852686265
75.17517517517518,6.523801321926997,-2.1074929474934616,2.053007519640413,2.5005589391610887
75.27527527527528,6.319638637247676,-1.966226912315036,2.2460214213819656,1.3823817512855379
75.37537537537538,6.131384963062452,-1.7886152403333702,2.3388068702915885,0.5302930018181002
75.47547547547548,5.9628322638271385,-1.5730804609762095,2.365273157198042,0.06631918732881234
75.57557557557558,5.817506985797597,-1.3261590085951698,2.3651772528442723,-0.0075877355931941014
75.67567567567568,5.697992931936791,-1.0595816048445972,2.3744875973219393,0.23935158976685522
75.77577577577578,5.60557435934557,-0.787129729328204,2.4205656447937223,0.7100962805827181
75.87587587587588,5.54014510962069,-0.522565446037378,2.5207224787816935,1.3029441373514186
75.97597597597598,5.5002637831193475,-0.27872591332695007,2.6820852728792395,1.9156612011338938
76.07607607607608,5.483263757718276,-0.06721173264796354,2.9013019497568027,2.4400150627275443
76.17617617617618,5.485395678946373,0.10206704596017109,3.1637106811511098,2.7585298333043817
76.27627627627628,5.502047427393674,0.2220495906482528,3.4427613696866626,2.7543157499254693
76.37637637637638,5.528122773652928,0.2905053875388426,3.701351194933571,2.3396755728555547
76.47647647647648,5.5586398205002325,0.31229381161563635,3.8967809071687043,1.4975580978596905
76.57657657657658,5.589522268633419,0.30072882170668347,3.989671823197553,0.314631471201366
76.67667667667668,5.6184277112166425,0.2767834040911572,3.954590235316307,-1.0217619466728074
76.77677677677679,5.645364454584943,0.26570259956352665,3.787933323902165,-2.274714659519768
76.87687687687688,5.672875656418426,0.2920252234213819,3.509029843575616,-3.236096123835198
76.97697697697699,5.705726755109315,0.3749812305196062,3.1537991392114137,-3.789731754832253
77.07707707707708,5.750223882931996,0.5258974266949333,2.7642571556934294,-3.928639782570621
77.17717717717719,5.813391462912434,0.7479018580190412,2.378638071629617,-3.7285201687393856
77.27727727727728,5.902197748971575,1.0369490769503527,2.025315611460146,-3.3033239860395276
77.37737737737739,6.022889869340186,1.3827616613765024,1.720949651397913,-2.7684850537506303
77.47747747747748,6.1803731195493485,1.7686582472284058,1.4714042751859369,-2.222799096619465
77.57757757757759,6.377502032097257,2.1699837093612246,1.2736312723842529,-1.7459338820604056
77.67767767767768,6.614163654348971,2.5516905453828223,1.1174395774952939,-1.401163819095311
77.77777777777779,6.886132020576347,2.8664978391480496,0.9872526392377902,-1.2308398578965525
77.87787787787788,7.183857858474508,3.0558566350902727,0.8651139647499754,-1.2350761267613024
77.97797797797799,7.491598225247996,3.056123867586336,0.73659473507726,-1.3377437569269188
78.07807807807808,7.787480671924729,2.8110355846770614,0.599522509869532,-1.3722804783763813
78.17817817817819,8.045070487926587,2.288698098805265,0.47083118033607985,-1.1420334167039887
78.27827827827828,8.236683685587973,1.4985973895387636,0.38263048829358914,-0.5689495827539574
78.37837837837839,8.338179748313808,0.5032494915704774,0.36298856453475886,0.1789158558211902
78.47847847847848,8.33440735276877,-0.5815695993652461,0.4127104239823457,0.7583322337799097
78.57857857857859,8.22378403486248,-1.6055513094969116,0.5006140931822332,0.9240058325575493
78.67867867867868,8.019906825530914,-2.423586417221185,0.5856182813537589,0.7359248329366377
78.77877877877879,7.748696097928718,-2.941134466535862,0.6456721151002649,0.4783993306849545
78.87887887887888,7.441852767514554,-3.138414091707196,0.6880701975232418,0.41464891064389925
78.97897897897899,7.129597924583787,-3.0607110915986206,0.738579443903161,0.6425916943823315
79.07907907907908,6.835623000457526,-2.7875204985375266,0.8251299892406395,1.1211599459402146
79.17917917917919,6.575257279761209,-2.4022904594551946,0.9683174604037942,1.7583684944793871
79.27927927927928,6.356069767518198,-1.974881249439625,1.1795063668504773,2.466516565424267
79.37937937937939,6.179563746362829,-1.5565607903100147,1.4619608150298833,3.169920921297066
79.47947947947948,6.042971748930539,-1.1820043973049141,1.8113372869827005,3.789065671784383
79.57957957957959,5.940722833579343,-0.8731624088062695,2.2144521395693957,4.22526726593004
79.67967967967968,5.865559807994719,-0.6420877340543373,2.6472237317740146,4.3615172634014545
79.77977977977979,5.809469624133029,-0.4918289407921998,3.073890440594665,4.087818566571419
79.87987987987988,5.7646023768321015,-0.41595620381353393,3.449946923120752,3.3483977047028883
79.97997997997999,5.72424491530098,-0.39824413635790656,3.7301456582839205,2.1908363763284213
80.08008008008008,5.683745077140351,-0.4142169539332109,3.880123591215407,0.7836029536104986
80.18018018018019,5.641149576511621,-0.4353156365571099,3.8870658934589177,-0.6223731520634233
80.28028028028028,5.597327071982273,-0.43471046888295634,3.7640184181981837,-1.7767425623006239
80.38038038038039,5.555519765916389,-0.39249827396891446,3.545493533832453,-2.5118070254071667
80.48048048048048,5.520493972869588,-0.2982952371146979,3.2768651444021635,-2.7795625249323765
80.58058058058059,5.4975865107253625,-0.15080608859801667,3.0028462278132575,-2.6349740831248187
80.68068068068068,5.491903199988864,0.04452206609769633,2.7593648398657953,-2.1904240919724924
80.78078078078079,5.507780778032145,0.27817244745472597,2.570079829850176,-1.5729858819485794
80.88088088088088,5.548483723593276,0.5384663839541307,2.4462355457506018,-0.9017219412020158
80.98098098098099,5.616039549813195,0.8124425807837867,2.3877281116782547,-0.285129846544564
81.08108108108108,5.711125446413955,1.0861106073614908,2.3838003326691775,0.17089526117302983
81.18118118118119,5.832980315703989,1.3448480465615356,2.4129453034725863,0.3574172673491634
81.28128128128128,5.979399082584155,1.5747720911163867,2.4428971508781956,0.17177469541262344
81.38138138138139,6.146936115528643,1.7655682092356575,2.4326897170095694,-0.4497283524940225
81.48148148148148,6.331451312606245,1.9143208045870077,2.339078865642152,-1.4794590241040029
81.58158158158159,6.529016980757273,2.02845050695026,2.128300165594185,-2.7497761203925535
81.68168168168168,6.73694755520466,2.1246814598781385,1.7909598262059525,-3.945372267082901
81.78178178178179,6.954405203539176,2.221283841643031,1.354424713156613,-4.6626726140166745
81.88188188188188,7.181864962658768,2.3232945330693684,0.8861214900236299,-4.527777913855803
81.98198198198199,7.418880863770653,2.4043055522432653,0.48336210125217804,-3.3431276713211515
82.08208208208208,7.660174564108507,2.392936511244917,0.24779532751592928,-1.2468911154093425
82.18218218218219,7.891148202106391,2.177614082068561,0.2441097599626989,1.1434990585246496
82.28228228228228,8.085515580464307,1.6466682563944464,0.45121168794944416,2.7695736662418886
82.38238238238239,8.208982733473551,0.7666290332507979,0.7392039450830361,2.651445675834342
82.48248248248248,8.2310923861073,-0.3452174725596592,0.9224012755716544,0.796330813749973
82.58258258258259,8.140522664523491,-1.4372739462577915,0.8838036574730335,-1.4927807970996172
82.68268268268268,7.952763582503263,-2.2520588398634924,0.6629255632818856,-2.6411821191937217
82.78278278278279,7.703362135860345,-2.661920306583598,0.4137666461672495,-2.0695145964936854
82.88288288288288,7.432413676185638,-2.698248528244687,0.28934629779588117,-0.28673449907623977
82.98298298298299,7.171506278815847,-2.4850830734300997,0.36814332102622843,1.8583842555715608
83.08308308308308,6.938594962046729,-2.1600136317066667,0.6518955284561211,3.7293513596417007
83.18318318318319,6.739183778916941,-1.8301123301246298,1.094075313431946,4.9864307337551255
83.28328328328328,6.570154743455763,-1.560395106898086,1.6245589884579212,5.47920249983885
83.38338338338339,6.423865820870764,-1.377356231364329,2.16427398403886,5.174585927103063
83.48348348348348,6.2916341812597905,-1.2767158469983173,2.6366770025287773,4.160544030800816
83.58358358358359,6.166366802952969,-1.2326687583651004,2.981022505855618,2.6650563244254237
83.68368368368368,6.044181560523651,-1.2088023879259737,3.1653192816350844,1.0230239465549182
83.78378378378379,5.924889387972778,-1.169549681605376,3.1925658337537413,-0.4207268452834627
83.88388388388388,5.811425381930963,-1.0891829844224605,3.0961094338001964,-1.4197626967733752
83.98398398398399,5.70861948717968,-0.9557591497256257,2.9264389805597326,-1.8807136728472227
84.08408408408408,5.621839983039599,-0.7699390540014257,2.7362380505834674,-1.8452309780868337
84.18418418418419,5.555923788768538,-0.5409093613290358,2.5696835587853872,-1.4308475198316868
84.28428428428428,5.514545017823364,-0.2820916503133547,2.457840342780388,-0.7744957491513967
84.38438438438439,5.499949819906825,-0.008264793771801431,2.4184652949668406,-0.002684594636665573
84.48448448448448,5.512892851573764,0.2656357959830433,2.457368200266449,0.7710911854118596
84.58458458458459,5.55263456526362,0.524684592610478,2.569139122943738,1.4335250355940055
84.68468468468468,5.616945375120729,0.7541167634227889,2.7364511890553205,1.858448056916141
84.78478478478479,5.7021676248957816,0.9404855336694463,2.9286857660085377,1.9087739829936687
84.88488488488488,5.803473985250938,1.074483048726883,3.102035157287256,1.4654403781297234
84.98498498498499,5.9154870414305165,1.1551929561582428,3.203934818901053,0.48329019560982883
85.08508508508508,6.03333605239479,1.1941925049258282,3.1835767268301485,-0.9493703253716872
85.18518518518519,6.15400734658328,1.2168466020094408,3.0067770582500706,-2.5910185970343003
85.28528528528528,6.277582734621798,1.2585450759928711,2.6693063709393527,-4.099513006157378
85.38538538538539,6.407836671247576,1.3558984997590178,2.201808312836994,-5.139644381891891
85.4854854854855,6.551799687563982,1.5354398027216207,1.6638186791096068,-5.481288231557083
85.58558558558559,6.718197231800435,1.802845634809239,1.130908744812759,-5.034014396989316
85.6856856856857,6.914893607761959,2.1338374747921094,0.6814612499484823,-3.827270835555916
85.78578578578579,7.145494420482323,2.4664602774939826,0.3855184252187348,-2.001845340514738
85.8858858858859,7.405312183262868,2.696964351568844,0.2910723180803215,0.12457822436241478
85.98598598598599,7.6774792609622615,2.6893710838589113,0.4006494361599344,1.9472412414656461
86.0860860860861,7.931428470035317,2.3160816649526628,0.6426423244542241,2.6305156811198103
86.18618618618619,8.127355678574514,1.5346757508372793,0.8693712658723738,1.6160301666168648
86.2862862862863,8.228657866864296,0.45828556812746957,0.924074569900871,-0.6188351942431253
86.38638638638639,8.217590729554505,-0.6631978998072335,0.7557474388178128,-2.551623249668383
86.4864864864865,8.103129069136134,-1.5723363620719173,0.4705848321674636,-2.8144864264369183
86.58658658658659,7.91445161752793,-2.1380627901769795,0.2530134503618178,-1.2951880158367333
86.6866866866867,7.685905174362533,-2.3824660076196853,0.23963142875160084,1.0709362205215565
86.78678678678679,7.44462194450214,-2.4128631901940003,0.4591462131821452,3.205572542399451
86.8868868868869,7.206187755158777,-2.3417871470626053,0.8512371834916741,4.45360233091818
86.98698698698699,6.976648247492206,-2.243582409916778,1.3152699228665894,4.649700831529028
87.0870870870871,6.756914531555122,-2.1475062519075645,1.7529562667660867,3.9782532906626664
87.18718718718719,6.546733214622902,-2.0504901387590837,2.09508154173502,2.809306792503335
87.2872872872873,6.3470135018085205,-1.9353271717265894,2.312403010680947,1.5480467665355522
87.38738738738739,6.1604409944495195,-1.7857059273729634,2.4127688151744455,0.5144097733356864
87.4874874874875,5.990922124958935,-1.59426430562684,2.4289249620492943,-0.11838830300170926
87.58758758758759,5.842577685216713,-1.3638497880098395,2.4036284453520094,-0.3178987688032524
87.6876876876877,5.7188415780635244,-1.1047058496739945,2.377762559957689,-0.14461528332722048
87.78778778778779,5.621912620559015,-0.8306778798940985,2.383749368928232,0.3004414328569445
87.8878878878879,5.552548100887425,-0.5563728959544101,2.443360811898018,0.9089808767003738
87.98798798798799,5.510068498714019,-0.29576334386510794,2.567661119220341,1.575396843842092
88.0880880880881,5.492446636031117,-0.06177396644885198,2.757091899993868,2.191565439856638
88.18818818818819,5.49642292464856,0.1339686760987888,3.000794714978632,2.639002287720442
88.2882882882883,5.517670545067382,0.28199011647463257,3.2755554740422803,2.7911560475984314
88.38838838838839,5.551095565949239,0.3768321555632914,3.5459160833476715,2.5355058319319346
88.4884884884885,5.591367295579941,0.41967945117572714,3.76755723471578,1.8156069134158297
88.58858858858859,5.633708419553241,0.42068432501770553,3.8952710395128243,0.6764310638760942
88.6886886886887,5.674837469345612,0.39942618453249396,3.8943572542592118,-0.7181475176071609
88.78878878878879,5.713812631917957,0.3823972829597524,3.751224383933872,-2.120816440162193
88.8888888888889,5.752483560651258,0.39789950873752145,3.477939253049288,-3.2815021043426102
88.988988988989,5.795379956217456,0.4702963136144142,3.1081528180035702,-4.030267531575496
89.0890890890891,5.849089462437612,0.6158650558505205,2.686617600259459,-4.316931547257419
89.1891891891892,5.921349994344426,0.8412557268949928,2.257592455157829,-4.195143396484705
89.2892892892893,6.020094471755734,1.143848624469275,1.8567348114740947,-3.7742724275100556
89.3893893893894,6.152557940132395,1.5123482675876816,1.5080038742701578,-3.1722495959633346
89.4894894894895,6.324389917835527,1.926100848518905,1.2243221848009045,-2.489402315997268
89.5895895895896,6.538604009710802,2.3525231768527997,1.0096354242781012,-1.8060029813585112
89.6896896896897,6.794199652621234,2.7433826525937106,0.8603434962178086,-1.1953341985726105
89.7897897897898,7.084452253532413,3.032498083891313,0.7652351755466752,-0.7375182873240753
89.8898898898899,7.395230909688815,3.1395066709717163,0.7048686809902688,-0.5127460624511423
89.98998998999,7.704224771926508,2.984988196084019,0.653580614519791,-0.5534700965481537
90.0900900900901,7.982332773032251,2.5180133124499693,0.5880735860767943,-0.768108556302338
90.1901901901902,8.198084273210176,1.746482544634409,0.5019350187230572,-0.9176840314814777
90.2902902902903,8.324434202149236,0.7507870531020043,0.41542881754126,-0.7426992574960088
90.3903903903904,8.345426643323279,-0.33328319060240613,0.36634254465732136,-0.18602639304590388
90.4904904904905,8.25982608550082,-1.354889463836394,0.3834751624680711,0.525592436430003
90.5905905905906,8.080498288326403,-2.188799579747133,0.465730063311997,1.0687318029114043
90.6906906906907,7.83047091777679,-2.7595847013578187,0.5862040224535406,1.2840860891264887
90.7907907907908,7.537534724977595,-3.0470622608241236,0.7143476678707233,1.2498571948797705
90.8908908908909,7.2290579623903595,-3.0774917742228474,0.8345955697795874,1.1592873518286047
90.990990990991,6.928157584847464,-2.906327796671526,0.9500636613319245,1.1740673417612173
91.0910910910911,6.651736405374701,-2.599357587683104,1.0756186333311457,1.365356383171616
91.1911911911912,6.410224757976274,-2.2182807733812147,1.2292174766408788,1.7294838982445448
91.2912912912913,6.2084190051452195,-1.81329729388765,1.4261864681777727,2.2226625617349702
91.3913913913914,6.046744684976798,-1.4216544396422648,1.676416176367391,2.7819211671370936
91.4914914914915,5.922477530340553,-1.0694702462445898,1.9827335002541426,3.328701848626817
91.5915915915916,5.830725993391769,-0.774325274963315,2.339163806468368,3.765166054157942
91.6916916916917,5.7651866368945335,-0.5470265623615643,2.7289928348555152,3.975948881345974
91.7917917917918,5.718794228117054,-0.39191984775942434,3.123738191679271,3.8459306476047845
91.8918918918919,5.684405665364745,-0.30601605062370224,3.484885623284033,3.297258464156857
91.991991991992,5.655589701361581,-0.2779767815514796,3.7699122086977415,2.334746597675559
92.0920920920921,5.627464869473392,-0.28840165474296114,3.942230708336807,1.0737386576966492
92.1921921921922,5.59739645328604,-0.31244037508193057,3.981869515758551,-0.27624492754000807
92.2922922922923,5.565320198112477,-0.324462989856702,3.8920302868073833,-1.4750268509959292
92.3923923923924,5.533560645324413,-0.30313729743647067,3.698109466085155,-2.3315459633807425
92.4924924924925,5.506207228706906,-0.23489934669138338,3.439777563844717,-2.7564750964819758
92.5925925925926,5.488272998217037,-0.11477988706342034,3.160207366615581,-2.765908989144633
92.6926926926927,5.48489010568493,0.054983001452118305,2.8969969645433213,-2.4479538161510104
92.7927927927928,5.50070197990587,0.26725248865767576,2.6771145699688543,-1.9205016307385878
92.8928928928929,5.5394802013851026,0.5120190387254572,2.5155379869888885,-1.3019916528338962
92.992992992993,5.603903583678289,0.7775829848498753,2.4158525098026296,-0.7013405646728105
93.0930930930931,5.695415938521228,1.051009367785023,2.371105447000798,-0.22131773604112082
93.1931931931932,5.814115541090062,1.318425235471848,2.3640993353591115,0.03562206954760866
93.2932932932933,5.958697819675683,1.5659100267886878,2.3674822048627266,-0.028953023965837533
93.3933933933934,6.126543363671059,1.7815701316156802,2.34511284319692,-0.4865196957930656
93.4934934934935,6.314074332068963,1.958728783159254,2.2568006068265842,-1.3379865755244191
93.5935935935936,6.517438445923017,2.0989467795438754,2.06792030276156,-2.463916985349293
93.6936936936937,6.733381943888771,2.212262372284631,1.7630547189981305,-3.5998846489027976
93.7937937937938,6.95987984333081,2.3116724446385675,1.35943279260063,-4.369307346222313
93.8938938938939,7.1958571151535144,2.400523225201508,0.913671609773747,-4.383397309128585
93.993993993994,7.439373954998907,2.455237238035801,0.5157860024536565,-3.391775533857231
94.0940940940941,7.684144251326594,2.4110699506127995,0.26649916173639365,-1.4619207311721787
94.1941941941942,7.915335815510607,2.164832841888932,0.2366531723226604,0.8563016906779283
94.2942942942943,8.107230991868011,1.6119335826521997,0.4170630533317383,2.547466773779975
94.3943943943944,8.226600092284952,0.7212048296509115,0.6914517088656794,2.6163143155878013
94.4944944944945,8.24395963071444,-0.39408066730618746,0.8820739569663573,0.9723858114073007
94.5945945945946,8.148362490520068,-1.4892987865828315,0.8676893342551597,-1.2107924103097378
94.6946946946947,7.9550964107355835,-2.3105861841775748,0.6735849810038811,-2.4129900827876347
94.7947947947948,7.699447927414738,-2.7279562386369416,0.43975145104562025,-2.0013747212455133
94.8948948948949,7.421668705163426,-2.7675688791918738,0.3132010373240067,-0.39320767599540657
94.994994994995,7.153995862044911,-2.5493403544406066,0.37453194807839796,1.6275994970511867
95.0950950950951,6.915315226108489,-2.2094148707923,0.6322467719535025,3.454563115061614
95.1951951951952,6.712076596806749,-1.855934841763841,1.0484834345781626,4.758076048997466
95.2952952952953,6.541892192826184,-1.5570996593835846,1.5620800963555905,5.383062160425364
95.3953953953954,6.397439170910978,-1.3443563355046924,2.101454656699547,5.270267362710266
95.4954954954955,6.269799157812232,-1.2193605354830142,2.5936335262788117,4.4559320562632125
95.5955955955956,6.151062396717762,-1.1616722082026572,2.9754299763179914,3.1034433166437645
95.6956956956957,6.036100275524849,-1.1378207040742432,3.206466248774234,1.4987403925693237
95.7957957957958,5.923355062645074,-1.1116761316049588,3.278357445245561,-0.021700888958132644
95.8958958958959,5.814612972660968,-1.0538831083531668,3.2144260198889127,-1.1781610751883866
95.995995995996,5.714005197839706,-0.9474543924864223,3.0596625036276985,-1.8249289058381943
96.0960960960961,5.626700527740703,-0.7883694691471854,2.8662946648406793,-1.9588857935531068
96.1961961961962,5.557740364489982,-0.582510290724048,2.6815199863692145,-1.6736322532838634
96.2962962962963,5.511258692086128,-0.3414521832909029,2.5408250497093445,-1.1007326974788167
96.3963963963964,5.490092212098398,-0.07910999741130989,2.4664001320093365,-0.37003976282783774
96.4964964964965,5.495647508696917,0.1900237505519988,2.468125977849425,0.4023209416572437
96.5965965965966,5.527875196588163,0.4513684344019578,2.5446670785400434,1.106117058495839
96.6966966966967,5.585264485619127,0.6903401493645163,2.683358442287857,1.6232084162256966
96.7967967967968,5.664868292422418,0.8930400112796378,2.85903333160234,1.8226321067056899
96.8968968968969,5.7624632409341086,1.0483593450360775,3.033376146645082,1.5778667105101998
96.996996996997,5.873002576388805,1.1516723626523053,3.157405831073232,0.8118448985202583
97.0970970970971,5.991482497815954,1.2091224928971622,3.1794155259775034,-0.4432502345540382
97.1971971971972,6.1141768332887105,1.2402462480269383,3.0582082862717654,-2.0073004936405967
97.2972972972973,6.2399412390495606,1.2763820575123648,2.777407975109029,-3.5743577538580897
97.3973973973974,6.371093270196139,1.35382668555593,2.3540851443147797,-4.800297539188158
97.4974974974975,6.51339927856005,1.5032789673996356,1.837154095744851,-5.408433870309287
97.5975975975976,6.674943349417231,1.7385401460766718,1.2970203779412457,-5.250532370160135
97.6976976976977,6.863919140734025,2.0464472937796603,0.8123551811777746,-4.306169194598471
97.7977977977978,7.085486257594157,2.378217555321959,0.45823834259780116,-2.6678627065097995
97.8978978978979,7.337859893095816,2.643318215521281,0.29346303938131224,-0.582561242212293
97.997997997998,7.608181016514362,2.7132204947378153,0.3398500806355472,1.4386246081425282
98.0980980980981,7.869906253094976,2.451125780903187,0.5525249933258455,2.591935545916842
98.1981981981982,8.08508366392556,1.7800012421760931,0.8041140660358521,2.1366047544891615
98.2982982982983,8.214543463271978,0.7634282971240277,0.928012694507984,0.1611870423744657
98.3983983983984,8.23366456094457,-0.3787243286650173,0.8279788409000173,-2.0537102223674863
98.4984984984985,8.143776791999404,-1.3730031505589906,0.5629012535884216,-2.9291089146434115
98.5985985985986,7.969869868574889,-2.0410204597628603,0.3061035922594568,-1.9166180681550475
98.6986986986987,7.74681640718324,-2.3636601149344,0.2195400009461839,0.29224750461280496
98.7987987987988,7.505131078992919,-2.4333073634564366,0.367089318076843,2.5881418100056304
98.8988988988989,7.264087924033188,-2.3693355013911948,0.713195628079131,4.1675981066268335
98.998998998999,7.032187866327471,-2.261832505033742,1.1667865584738288,4.721430601829582
99.0990990990991,6.811203922720429,-2.154973880814707,1.6266122700375703,4.3294159510215735
99.1991991991992,6.600506456518671,-2.055080879105885,2.012261145884602,3.302563181110701
99.2992992992993,6.400018365453151,-1.9478203988155565,2.27987481504607,2.037048211540169
99.3993993993994,6.211423699065033,-1.8146946404725244,2.4240932875967536,0.8873958504702767
99.4994994994995,6.037991049104408,-1.643721244348184,2.4692127568391333,0.08275990827133019
99.5995995995996,5.883682326949141,-1.4331291120107723,2.455101888007997,-0.292913908826373
99.6996996996997,5.7521728627640485,-1.1899038410880598,2.424011444716627,-0.2677232387335972
99.7997997997998,5.646148254583262,-0.9262085582401733,2.4119647523614436,0.07047535591669288
99.8998998998999,5.566959712919347,-0.6560920728378236,2.4450185237751327,0.6155015275073163
100.0,5.51454581383282,-0.39351780973167816,2.5385638641759556,1.261748496882919
